experiment,params,macro_mse,micro_mse,mae,r2,spearman,bias,mse_0,mse_1,mse_2,mse_3,bias_0,bias_1,bias_2,bias_3,mse_C1-BA,mse_C2-Smax,mse_C2-hard,mse_C3-S,PTB,RTB,PBB,RBB,accuracy,precision,recall,f1
base,"1.00, 1.00, 9.00",0.10463134955322455,0.08118055555555556,0.22491666669000004,0.4284848247809762,0.6846056354536839,0.06791666669000004,0.25972222222222224,0.10112847222222225,0.0171207264957265,0.04055397727272727,0.475,0.29375,0.0852564102564103,-0.1704545454015151,0.2017094494047619,0.05461810631397103,0.10620864226281093,0.06211315948463127,0.6028461381982468,0.884090909090909,0.5516389172245096,0.8055555555555556,0.487,0.5805829877631051,0.487,0.45627921724162385
knowledge_simple,"1.00, 1.00, 9.00",0.09525392142579643,0.07320659722222222,0.21095833338333336,0.48462189064455574,0.7142311610229535,0.0625416667166667,0.21423611111111113,0.11076388888888891,0.018302617521367526,0.03771306818181818,0.42638888888888893,0.3,0.07035256410256416,-0.1556818180681818,0.16239955357142857,0.052301067347078824,0.09410076523809921,0.05850831059248399,0.635747509732174,0.9,0.6592291499499737,0.7722222222222223,0.5170000000000001,0.6149640622562973,0.5170000000000001,0.4971688314657465
knowledge_detailed,"1.00, 1.00, 9.00",0.0823959243881119,0.06660763888888889,0.20158333340133336,0.5310788876720901,0.7203863449150594,0.0421666667346667,0.18116319444444445,0.08767361111111113,0.018062232905982908,0.042684659090909086,0.3868055555629629,0.24791666666666665,0.05881410256410261,-0.1647727271212121,0.13213541666666667,0.05007266133120395,0.08384218151251477,0.05643078444899262,0.6649531508594019,0.8431818181818181,0.648234189182465,0.8111111111111111,0.532,0.6370729236399145,0.532,0.5191701030255679
examples_0G4B,"1.00, 1.00, 9.00",0.06410210883294484,0.06337326389333334,0.19662500015066667,0.5538490495619524,0.6975569750205344,-0.031458333182666644,0.09644097222222223,0.05963541666666668,0.029380341897435897,0.07095170454545455,0.24513888889259255,0.14583333333333334,-0.0012820512564102175,-0.21079545421969695,0.042053571428571426,0.061611936383324406,0.07925852611870163,0.05464475697552813,0.6483308758482071,0.8068181818181819,0.685738384422595,0.8166666666666667,0.563,0.6456599297016326,0.563,0.5777701742206794
examples_1G1B,"1.00, 1.00, 9.00",0.06915208284026161,0.05869618063777778,0.17895833398000002,0.5867759498279098,0.7111497194973795,0.03054166731333337,0.10902777777777779,0.08528645859259262,0.040958867717948724,0.041335227272727273,0.26388888888888895,0.20520833352777776,0.06602564132051286,-0.133522726030303,0.06162202380952381,0.05956225325383367,0.06875142127525814,0.04782704611092919,0.7081695682150853,0.7727272727272728,0.6803274503274503,0.8,0.5700000000000001,0.6110521704255666,0.5700000000000001,0.5726773404821672
examples_1G3B,"1.00, 1.00, 9.00",0.08667079463856514,0.06652951399333333,0.18420833405666667,0.5316288908479349,0.6880535811000923,0.06629166739000006,0.16258680555555555,0.11206597262962965,0.043763354914529914,0.028267045454545454,0.30208333333333337,0.23750000030555557,0.1189102567307693,-0.1079545440833333,0.10455543154761907,0.05475071393539519,0.08702288904224892,0.05294702744044886,0.6515816642739507,0.8545454545454545,0.641563714063714,0.7777777777777778,0.575,0.5920072155486787,0.575,0.5584833521765817
examples_2G2B,"1.00, 1.00, 9.00",0.0782615822974618,0.06287847231555557,0.18158333413333339,0.55733240704005,0.7093507815508889,0.047666667466666715,0.13020833333333334,0.10308159751851853,0.04456463697435898,0.035191761363636366,0.2791666666666667,0.21562500022222225,0.08621794905128209,-0.11562499843939392,0.06198846726190475,0.055369806148825515,0.08391783711398806,0.05076648650784186,0.6729885332977428,0.8000000000000002,0.6633147062832221,0.7833333333333334,0.5569999999999999,0.5734080710577103,0.5569999999999999,0.5481598152445548
examples_3G1B,"1.00, 1.00, 9.00",0.08211282007174309,0.06376909733777777,0.1811250008166667,0.5510623622966206,0.7058560426494994,0.06054166748333338,0.14019097222222224,0.11597222262962965,0.03993723316239318,0.03235085227272728,0.2979166666666666,0.2500000003055556,0.09631410294871799,-0.10937499845454542,0.07898251488095238,0.05467846150592102,0.08224797477237077,0.05244835689657733,0.6779258775610557,0.8227272727272726,0.5876242783500847,0.8555555555555555,0.5750000000000001,0.6068773783644271,0.5750000000000001,0.5635606307763181
examples_4G0B,"1.00, 1.00, 9.00",0.08477768982867133,0.06415972228000001,0.1891666672166667,0.5483123431476845,0.7353233876522167,0.08191666721666672,0.1728298611111111,0.10720486122222224,0.03226495743589745,0.026811079545454548,0.3715277777777778,0.28541666675,0.10833333358974365,-0.10767045346969695,0.1194828869047619,0.04954326471585394,0.08164586780914464,0.05378309094851337,0.6991849946864367,0.7909090909090908,0.6633378282334725,0.8055555555555556,0.5319999999999999,0.594460312988695,0.5319999999999999,0.5166213355795192
examples_4G4B,"1.00, 1.00, 9.00",0.07951214380264181,0.06439409732666668,0.17812500088333336,0.5466623310857319,0.7024519112325558,0.04654166755000005,0.12065972222222221,0.11111111133333333,0.04788995756410257,0.038387784090909094,0.24583333333333335,0.21666666683333333,0.0996794876282052,-0.11278408921212117,0.06538690476190476,0.06213833206550334,0.07823528627528425,0.05303492125441513,0.650768950299922,0.8431818181818181,0.6478113267358119,0.7777777777777779,0.58,0.5709814952736529,0.58,0.5602548401897387
analysis_minimal,"1.00, 1.00, 9.00",0.07172574604215229,0.09353472222222223,0.24608333338066662,0.3415108729662078,0.6715369671225513,-0.13908333328599998,0.0670138888888889,0.02352430555555556,0.0430622329059829,0.1533025568181818,0.21111111113333333,0.05625000000000002,-0.14022435897435892,-0.334943181719697,0.05292596726190476,0.11290993904719888,0.09864056370253002,0.07507514132419627,0.6168725837397362,0.8454545454545453,0.5755516655645024,0.8111111111111111,0.4710000000000001,0.7002683145305773,0.4710000000000001,0.48033581645176593
analysis_normal,"1.00, 1.00, 9.00",0.07352362264332749,0.09563888888822222,0.24650000001599998,0.32669743429755943,0.680663344267157,-0.1468333333153333,0.06276041666666668,0.024782986105555557,0.05285790598290596,0.1536931818181818,0.1951388889462963,0.026041666675000026,-0.15320512820512816,-0.3301136363484848,0.04277901784714285,0.10927741884224629,0.0979569190785391,0.08851942539474042,0.6470494898402134,0.8477272727272727,0.577698518872432,0.7666666666666666,0.45499999999999996,0.6728110689264521,0.45499999999999996,0.47128866936368646
analysis_full,"1.00, 1.00, 9.00",0.0849925031561027,0.118409722222,0.2792500000183334,0.16638962766113896,0.6780879963586877,-0.20283333331433334,0.04166666666666667,0.020703124998148147,0.07621527777777776,0.20138494318181815,0.16111111115925927,-0.026041666663888862,-0.2157051282051282,-0.3923295454318182,0.03515811011626984,0.1416064814150418,0.12759256747827075,0.10089941225935431,0.6487034066180112,0.7863636363636364,0.5694112527174546,0.8166666666666667,0.41200000000000003,0.6445949381128104,0.41200000000000003,0.42520910391005334
feedback_minimal,"1.00, 1.00, 9.00",0.07070714658605284,0.09251388888888887,0.25333333335399993,0.348697590738423,0.6911824974519639,-0.14333333331266665,0.06796875,0.021744791666666673,0.04055822649572648,0.15255681818181818,0.22291666668888893,0.06770833333333337,-0.1426282051282051,-0.3511363635984849,0.052596726190476194,0.11159039467585039,0.09969394657457986,0.07349083811060877,0.6266693980996554,0.8954545454545453,0.544200069104547,0.8833333333333332,0.433,0.7043643600661753,0.433,0.42380698138612366
feedback_normal,"1.00, 1.00, 9.00",0.0891803400592463,0.12475868055555554,0.29829166667466667,0.1216926431476846,0.6409017085498705,-0.2014583333253333,0.05842013888888888,0.015928819444444447,0.06617922008547007,0.21619318181818184,0.2104166666740741,0.026041666666666692,-0.20849358974358972,-0.42784090907575756,0.05108630952380953,0.1613613008116462,0.12227533249992335,0.10159839108490823,0.6524944883343969,0.7250000000000001,0.5680225053336102,0.7611111111111112,0.362,0.6791132995301972,0.362,0.3536857546239829
feedback_full,"1.00, 1.00, 9.00",0.0989763166520979,0.14190972222222223,0.31725000001066667,0.0009484511889862879,0.6686888138379252,-0.24358333332266668,0.03567708333333334,0.02183159722222222,0.08903579059829056,0.24936079545454545,0.16319444444814818,-0.05312499999999998,-0.2512820512820514,-0.4573863636136363,0.01810267857142857,0.18299374716131567,0.14011947793968665,0.12331945123275764,0.5962417923446212,0.925,0.6996810207336523,0.7944444444444445,0.337,0.5927502821622239,0.337,0.3300956307563198
feedback_full_soft,"1.00, 1.00, 9.00",0.07160449142871018,0.08399305555555554,0.24166666666666664,0.40868468397997504,0.6569520558432982,-0.09883333333333333,0.09375,0.03723958333333334,0.03188434829059829,0.12354403409090911,0.26388888888888895,0.10833333333333336,-0.08541666666666663,-0.31164772727272727,0.06853794642857143,0.0979183368342598,0.08875610001454996,0.06686457675715488,0.6549031314488312,0.759090909090909,0.5150442397331997,0.8111111111111111,0.462,0.665278755577683,0.462,0.4667551778794118
examples_levels,"1.00, 1.00, 9.00",0.1081849901889407,0.07925347241555557,0.2001666676833334,0.44205158656132665,0.6604972140348752,0.10391666768333338,0.20164930555555557,0.15607638948148153,0.048771367991453006,0.02624289772727273,0.3715277777777778,0.33125000044444447,0.14391025711538466,-0.09119318004545453,0.08781994047619048,0.06583768515619674,0.09920989847894371,0.0733803297760454,0.6115360650396922,0.8340909090909092,0.5810126539294455,0.85,0.5129999999999999,0.5416966035942018,0.5129999999999999,0.4821082708991833
final_adjusted,per-repetition,0.07172960340237049,0.06309458168400026,0.18135385788225825,0.5558109862672072,0.6975569750205344,0.01827021505690517,0.11391096619552468,0.0824321471497252,0.03974656669679604,0.05082873356743598,0.2601265991709301,0.1850270362735812,0.05886574376866856,-0.1501384330148769,0.049863435457654745,0.05910450166894524,0.08095010536594607,0.0533035500424245,0.6483308758482071,0.8068181818181819,0.685738384422595,0.8166666666666667,0.555,0.6359634918147086,0.555,0.5662941155036549
rubric_0to3,"1.00, 0.00, 3.00",0.07357549857549858,0.07388888888888889,0.19433333333333333,0.4798185231539424,0.6808973050473934,-0.037666666666666675,0.12962962962962962,0.05185185185185185,0.029487179487179483,0.08333333333333334,0.29259259259259257,0.1333333333333333,-0.021794871794871794,-0.22878787878787885,0.051283068783068785,0.06859967956386363,0.09364663577187296,0.06561434234821331,0.5928454690965796,0.9681818181818181,0.5512415219189413,0.8555555555555555,0.458,0.6740401066433604,0.458,0.4577391384193244
rubric_levels,"1.00, 0.00, 3.00",0.1016457308123975,0.07944444444444446,0.187,0.44070713391739663,0.6427818522237284,0.06566666666666665,0.18641975308641973,0.1388888888888889,0.03632478632478633,0.044949494949494954,0.3740740740740741,0.28888888888888886,0.0782051282051282,-0.12878787878787876,0.14068783068783067,0.06781781305381876,0.09542732037039438,0.0648820869990225,0.5353460929985305,0.990909090909091,0.5414328387097266,0.8722222222222221,0.516,0.639029584532199,0.516,0.5077388467342391
stability,"1.00, 1.00, 9.00",0.07340676901223776,0.07039409722222223,0.20070833355066667,0.504422031445557,0.6757517383616786,-0.03345833311599997,0.10434027777777777,0.08454861111111114,0.02565438034188034,0.07908380681818182,0.25555555555925924,0.19166666666666668,-0.03301282051282048,-0.21335227223484843,0.03921440972222222,0.0871135752688172,0.07609206989247312,0.05554398148148147,0.5703856795823434,0.8568181818181818,0.5772991452991453,0.8111111111111111,0.546,0.6395607521913343,0.546,0.5604339034914354
