a,b,macro_mse,micro_mse,mae,r2,bias,PTB,RTB,PBB,RBB,macro_mse_std,micro_mse_std,mae_std,r2_std,bias_std,PTB_std,RTB_std,PBB_std,RBB_std
0.0,5.0,0.18683333359259258,0.12585858614141412,0.23333333475757578,0.10999999800000027,0.21515151657575762,0.6904761904761905,0.9,0.75,0.75,0.06538888888888889,0.04787878787878786,0.045454545545454625,0.3385714285714284,0.0636363637272728,0.023809523809523836,0.09999999999999998,0.25,0.25
0.0,5.5,0.15061983497000306,0.10514233269788797,0.21349862401377415,0.2564935044935065,0.18870523558402208,0.6904761904761905,0.9,0.75,0.75,0.052089072543618,0.036689206110693706,0.03719008273553723,0.2594451003541912,0.061983471165289294,0.023809523809523836,0.09999999999999998,0.25,0.25
0.0,6.0,0.12488425940740742,0.09090909107070708,0.19696969793939398,0.357142856,0.16666666763636367,0.6904761904761905,0.9,0.75,0.75,0.04178240740740742,0.027777777777777783,0.03030303030303033,0.19642857142857145,0.06060606060606065,0.023809523809523836,0.09999999999999998,0.25,0.25
0.0,6.5,0.10292570692000877,0.07770007786169386,0.1911421921118881,0.4505494494065935,0.13053613150582755,0.6904761904761905,0.9,0.75,0.75,0.03376068376068375,0.020799713107405405,0.023310023310023312,0.14708368554522394,0.05594405594405595,0.023809523809523836,0.09999999999999998,0.25,0.25
0.0,7.0,0.08789682554497355,0.07008864167882912,0.18614718711688313,0.5043731766997084,0.09956710053679656,0.6904761904761905,0.9,0.75,0.75,0.027522675736961454,0.015460729746444041,0.01731601731601734,0.10932944606414002,0.05194805194805196,0.023809523809523836,0.09999999999999998,0.25,0.25
0.0,7.5,0.07770370385185185,0.06626262642424242,0.18181818278787878,0.5314285702857142,0.07272727369696969,0.6904761904761905,0.9,0.75,0.75,0.022592592592592595,0.011313131313131313,0.012121212121212116,0.08000000000000002,0.04848484848484847,0.023809523809523836,0.09999999999999998,0.25,0.25
0.0,8.0,0.07094184027777778,0.06502525252525253,0.18181818181818182,0.5401785714285715,0.049242424242424254,0.6904761904761905,0.9,0.75,0.75,0.018641493055555562,0.00804924242424242,0.011363636363636367,0.056919642857142794,0.04545454545454546,0.023809523809523836,0.09999999999999998,0.25,0.25
0.0,8.5,0.06418685121107268,0.06326238160148194,0.19251336898395716,0.5526445872466634,0.007130124777183666,0.6904761904761905,0.9,0.75,0.75,0.015436370626682058,0.005452448359022751,0.010695187165775402,0.03855659911023235,0.042780748663101595,0.023809523809523836,0.09999999999999998,0.25,0.25
0.0,9.0,0.060853909465020575,0.06509539842873177,0.20202020202020204,0.5396825396825397,-0.030303030303030328,0.6904761904761905,0.9,0.75,0.75,0.012808641975308645,0.0033670033670033725,0.010101010101010083,0.023809523809523836,0.0404040404040404,0.023809523809523836,0.09999999999999998,0.25,0.25
0.0,9.5,0.060003077870113886,0.06944794202411932,0.21690590111642744,0.5089038385437278,-0.06379585326953749,0.6904761904761905,0.9,0.75,0.75,0.010634041243459527,0.0016788382439351934,0.009569377990430603,0.011871784724970302,0.03827751196172249,0.023809523809523836,0.09999999999999998,0.25,0.25
0.0,10.0,0.060958333333333344,0.07555555555555557,0.2303030303030303,0.46571428571428575,-0.09393939393939396,0.6904761904761905,0.9,0.75,0.75,0.008819444444444442,0.00030303030303029804,0.00909090909090908,0.002142857142857113,0.036363636363636376,0.023809523809523836,0.09999999999999998,0.25,0.25
0.5,5.0,0.17536008256378602,0.11952861981144781,0.22727272869696968,0.15476190276190488,0.20707070849494952,0.6904761904761905,0.9,0.75,0.75,0.06538065843621399,0.047699214365881024,0.04545454554545457,0.33730158730158716,0.06565656574747475,0.023809523809523836,0.09999999999999998,0.25,0.25
0.5,5.5,0.13856944470370372,0.09858585886868687,0.2060606074848485,0.3028571408571429,0.17878788021212128,0.6904761904761905,0.9,0.75,0.75,0.05059722222222222,0.03515151515151515,0.0363636364545455,0.24857142857142855,0.06363636372727276,0.023809523809523836,0.09999999999999998,0.25,0.25
0.5,6.0,0.1134412306348332,0.08485683295233326,0.19146005606611574,0.3999409669799292,0.1556473838898072,0.6904761904761905,0.9,0.75,0.75,0.03945133149678605,0.025419484097170056,0.02617079889807164,0.1797520661157025,0.061983471074380195,0.023809523809523836,0.09999999999999998,0.25,0.25
0.5,6.5,0.09239004644444446,0.0722853536969697,0.1856060615757576,0.4888392845714286,0.11742424339393943,0.6904761904761905,0.9,0.75,0.75,0.030989583333333327,0.017992424242424237,0.018939393939393964,0.12723214285714285,0.056818181818181844,0.023809523809523836,0.09999999999999998,0.25,0.25
0.5,7.0,0.0787228798325663,0.06577610439925888,0.18065268162237763,0.5348689760338123,0.08508158605128206,0.6904761904761905,0.9,0.75,0.75,0.02456443129520053,0.012461897077281698,0.012820512820512844,0.08812341504649202,0.052447552447552455,0.023809523809523836,0.09999999999999998,0.25,0.25
0.5,7.5,0.07003259652003024,0.06320861694166152,0.17857142954112554,0.5530247801982507,0.05735930832900434,0.6904761904761905,0.9,0.75,0.75,0.019593253968253968,0.00827149041434756,0.009740259740259757,0.058491253644314845,0.048701298701298704,0.023809523809523836,0.09999999999999998,0.25,0.25
0.5,8.0,0.06475925925925927,0.06323232323232324,0.17878787878787877,0.5528571428571429,0.03333333333333335,0.6904761904761905,0.9,0.75,0.75,0.015685185185185184,0.005050505050505041,0.00909090909090908,0.03571428571428564,0.04545454545454546,0.023809523809523836,0.09999999999999998,0.25,0.25
0.5,8.5,0.05930447048611111,0.06259864267676768,0.1903409090909091,0.5573381696428572,-0.010416666666666661,0.6904761904761905,0.9,0.75,0.75,0.012570529513888887,0.0025449810606060635,0.008522727272727265,0.0179966517857143,0.04261363636363637,0.023809523809523836,0.09999999999999998,0.25,0.25
0.5,9.0,0.05733852364475202,0.0657264688406557,0.20409982174688057,0.5352199703410777,-0.04901960784313723,0.6904761904761905,0.9,0.75,0.75,0.010058631295655526,0.0005767012687427978,0.008021390374331527,0.004078101828966951,0.04010695187165775,0.023809523809523836,0.09999999999999998,0.25,0.25
0.5,9.5,0.057831790123456794,0.07140852974186308,0.2196969696969697,0.49503968253968256,-0.08333333333333331,0.6904761904761905,0.9,0.75,0.75,0.008011831275720166,0.000982042648709311,0.007575757575757569,0.00694444444444442,0.03787878787878788,0.023809523809523836,0.09999999999999998,0.25,0.25
0.5,10.0,0.06006078793474915,0.07880746523405803,0.233652312599681,0.44271863870201833,-0.11403508771929827,0.6904761904761905,0.9,0.75,0.75,0.006328870421668208,0.0022244606732141348,0.00717703349282299,0.015730114760585612,0.03588516746411483,0.023809523809523836,0.09999999999999998,0.25,0.25
1.0,5.0,0.16215277803703707,0.11237373765656566,0.21969697112121217,0.20535714085714296,0.19696969839393944,0.6904761904761905,0.9,0.75,0.75,0.06527777777777778,0.04734848484848484,0.0454545455454546,0.3348214285714285,0.06818181827272732,0.023809523809523836,0.09999999999999998,0.25,0.25
1.0,5.5,0.1252057615761317,0.09147025841975309,0.1969696983939394,0.3531746011746032,0.1666666680909091,0.6904761904761905,0.9,0.75,0.75,0.048662551440329216,0.03310886644219977,0.03535353544444446,0.23412698412698407,0.06565656574747476,0.023809523809523836,0.09999999999999998,0.25,0.25
1.0,6.0,0.10122222237037037,0.07858585874747476,0.1848484858181818,0.44428571314285714,0.1424242433939394,0.6904761904761905,0.9,0.75,0.75,0.03655555555555554,0.02242424242424242,0.021212121212121196,0.15857142857142847,0.06363636363636362,0.023809523809523836,0.09999999999999998,0.25,0.25
1.0,6.5,0.08154269987266606,0.06695049686417898,0.17906336185123967,0.5265643436033058,0.10192837562534435,0.6904761904761905,0.9,0.75,0.75,0.027640036730945824,0.014525419484097163,0.013774104683195579,0.10271546635182993,0.05785123966942146,0.023809523809523836,0.09999999999999998,0.25,0.25
1.0,7.0,0.06967592607407408,0.06186868703030303,0.17424242521212122,0.5624999988571429,0.06818181915151517,0.6904761904761905,0.9,0.75,0.75,0.02106481481481482,0.008838383838383836,0.007575757575757569,0.0625,0.053030303030303025,0.023809523809523836,0.09999999999999998,0.25,0.25
1.0,7.5,0.06285338607845717,0.060845137929830866,0.17482517579487178,0.5697379532104818,0.039627040596736586,0.6904761904761905,0.9,0.75,0.75,0.016107823800131496,0.004662004662004664,0.006993006993006992,0.032967032967033016,0.04895104895104895,0.023809523809523836,0.09999999999999998,0.25,0.25
1.0,8.0,0.05935374149659864,0.06235827664399092,0.17532467532467533,0.5590379008746357,0.015151515151515168,0.6904761904761905,0.9,0.75,0.75,0.0123015873015873,0.001546072974644399,0.0064935064935065095,0.01093294460641403,0.045454545454545456,0.023809523809523836,0.09999999999999998,0.25,0.25
1.0,8.5,0.05540740740740741,0.06303030303030303,0.18787878787878792,0.5542857142857143,-0.03030303030303034,0.6904761904761905,0.9,0.75,0.75,0.009333333333333325,0.0008080808080808098,0.006060606060606058,0.005714285714285727,0.04242424242424243,0.023809523809523836,0.09999999999999998,0.25,0.25
1.0,9.0,0.05499131944444444,0.0676294191919192,0.20643939393939392,0.521763392857143,-0.07007575757575757,0.6904761904761905,0.9,0.75,0.75,0.006987847222222225,0.0026041666666666644,0.005681818181818191,0.018415178571428548,0.03977272727272728,0.023809523809523836,0.09999999999999998,0.25,0.25
1.0,9.5,0.05697808535178777,0.07479640697633776,0.2228163992869875,0.47108255066732596,-0.10516934046345806,0.6904761904761905,0.9,0.75,0.75,0.005113417916186087,0.0039844814931320055,0.005347593582887708,0.028175976272862058,0.0374331550802139,0.023809523809523836,0.09999999999999998,0.25,0.25
1.0,10.0,0.060596707818930035,0.08361391694725027,0.2373737373737374,0.40873015873015883,-0.13636363636363635,0.6904761904761905,0.9,0.75,0.75,0.0036008230452674837,0.005050505050505055,0.005050505050505055,0.0357142857142857,0.035353535353535345,0.023809523809523836,0.09999999999999998,0.25,0.25
1.5,5.0,0.1470238097830688,0.10441146183714697,0.20995671138095245,0.26166180558017504,0.18398268540692647,0.6904761904761905,0.9,0.75,0.75,0.06499433106575964,0.04669140383426096,0.0454545455454546,0.33017492711370255,0.07142857151948058,0.023809523809523836,0.09999999999999998,0.25,0.25
1.5,5.5,0.11061197942592593,0.08396464674747475,0.18939394081818184,0.40624999800000006,0.15151515293939397,0.6904761904761905,0.9,0.75,0.75,0.04607204861111111,0.030303030303030304,0.03030303039393943,0.2142857142857142,0.0681818182727273,0.023809523809523836,0.09999999999999998,0.25,0.25
1.5,6.0,0.0885288067325103,0.07239057255218856,0.17676767773737373,0.48809523695238094,0.12626262723232326,0.6904761904761905,0.9,0.75,0.75,0.03287037037037037,0.018518518518518524,0.01515151515151518,0.130952380952381,0.06565656565656566,0.023809523809523836,0.09999999999999998,0.25,0.25
1.5,6.5,0.0708194445925926,0.06207070723232324,0.1712121221818182,0.5610714274285715,0.08333333430303032,0.6904761904761905,0.9,0.75,0.75,0.023513888888888897,0.010151515151515154,0.007575757575757583,0.07178571428571429,0.0590909090909091,0.023809523809523836,0.09999999999999998,0.25,0.25
1.5,7.0,0.06128328756779921,0.05881125318774522,0.16942148857300277,0.5841204238866589,0.04820936736088157,0.6904761904761905,0.9,0.75,0.75,0.016861799816345273,0.004382669671925861,0.004132231404958664,0.030991735537190035,0.05371900826446281,0.023809523809523836,0.09999999999999998,0.25,0.25
1.5,7.5,0.056741898296296306,0.059659091070707077,0.1704545464242424,0.5781249988571429,0.01893939490909093,0.6904761904761905,0.9,0.75,0.75,0.01200810185185186,0.00031565656565657463,0.0037878787878787984,0.0022321428571429602,0.04924242424242424,0.023809523809523836,0.09999999999999998,0.25,0.25
1.5,8.0,0.055317225509533205,0.06290717829179368,0.17132867132867133,0.5551563820794592,-0.0058275058275058,0.6904761904761905,0.9,0.75,0.75,0.008390861275476658,0.0025999641384256873,0.003496503496503489,0.018385460693153055,0.045454545454545456,0.023809523809523836,0.09999999999999998,0.25,0.25
1.5,8.5,0.053082482993197275,0.06506390434961863,0.18939393939393945,0.5399052478134112,-0.05303030303030304,0.6904761904761905,0.9,0.75,0.75,0.005647675736961455,0.004715522572665418,0.0032467532467532617,0.033345481049562586,0.04220779220779221,0.023809523809523836,0.09999999999999998,0.25,0.25
1.5,9.0,0.054388888888888896,0.07131313131313133,0.2090909090909091,0.4957142857142857,-0.09393939393939393,0.6904761904761905,0.9,0.75,0.75,0.003537037037037033,0.006262626262626268,0.003030303030303036,0.04428571428571432,0.0393939393939394,0.023809523809523836,0.09999999999999998,0.25,0.25
1.5,9.5,0.05800238715277778,0.08011758207070707,0.23011363636363635,0.43345424107142866,-0.12973484848484848,0.6904761904761905,0.9,0.75,0.75,0.0018934461805555532,0.00739820075757576,0.0028409090909090884,0.052315848214285754,0.036931818181818184,0.023809523809523836,0.09999999999999998,0.25,0.25
1.5,10.0,0.06310553633217994,0.0904721960085282,0.24866310160427807,0.3602323282254079,-0.16131907308377896,0.6904761904761905,0.9,0.75,0.75,0.0006007304882737416,0.008231099926601648,0.002673796791443847,0.05820563519525451,0.03475935828877007,0.023809523809523836,0.09999999999999998,0.25,0.25
2.0,5.0,0.13009259285185187,0.09595959624242424,0.19696969839393944,0.32142856942857145,0.16666666809090913,0.6904761904761905,0.9,0.75,0.75,0.06435185185185187,0.045454545454545456,0.04545454554545458,0.3214285714285714,0.0757575758484849,0.023809523809523836,0.09999999999999998,0.25,0.25
2.0,5.5,0.09529478483975813,0.07658214829354773,0.1796536810779221,0.45845480849562686,0.13203463345887448,0.6904761904761905,0.9,0.75,0.75,0.04246031746031746,0.02628324056895485,0.023809523900432922,0.1858600583090379,0.07142857151948054,0.023809523809523836,0.09999999999999998,0.25,0.25
2.0,6.0,0.07612847237037038,0.06691919208080808,0.16666666763636362,0.5267857131428573,0.10606060703030304,0.6904761904761905,0.9,0.75,0.75,0.028038194444444442,0.01325757575757576,0.007575757575757583,0.09374999999999994,0.06818181818181818,0.023809523809523836,0.09999999999999998,0.25,0.25
2.0,6.5,0.06111111125925926,0.0583613918563412,0.1616161625858586,0.5873015861587302,0.060606061575757576,0.6904761904761905,0.9,0.75,0.75,0.018312757201646088,0.004489337822671156,0.0,0.031746031746031744,0.06060606060606061,0.023809523809523836,0.09999999999999998,0.25,0.25
2.0,7.0,0.05450000014814815,0.05737373753535355,0.16363636460606062,0.594285713142857,0.024242425212121194,0.6904761904761905,0.9,0.75,0.75,0.011722222222222217,0.0012121212121212165,0.0,0.008571428571428563,0.054545454545454536,0.023809523809523836,0.09999999999999998,0.25,0.25
2.0,7.5,0.05266299372023264,0.06043910192303199,0.1652892571680441,0.5726092078299881,-0.005509640903581282,0.6904761904761905,0.9,0.75,0.75,0.007116620752984387,0.00500876533934386,0.0,0.0354191263282172,0.04958677685950414,0.023809523809523836,0.09999999999999998,0.25,0.25
2.0,8.0,0.05358796296296297,0.06565656565656566,0.16666666666666669,0.5357142857142856,-0.030303030303030304,0.6904761904761905,0.9,0.75,0.75,0.0038194444444444448,0.007575757575757576,0.0,0.05357142857142855,0.045454545454545456,0.023809523809523836,0.09999999999999998,0.25,0.25
2.0,8.5,0.05322156476002629,0.06945191560576175,0.19580419580419584,0.5088757396449706,-0.07925407925407925,0.6904761904761905,0.9,0.75,0.75,0.0014135437212360324,0.00932400932400932,1.962615573354719e-17,0.06593406593406592,0.04195804195804195,0.023809523809523836,0.09999999999999998,0.25,0.25
2.0,9.0,0.05637755102040816,0.07750979179550607,0.22077922077922077,0.45189504373177847,-0.12121212121212119,0.6904761904761905,0.9,0.75,0.75,0.000368480725623576,0.010513296227581938,0.0,0.07434402332361512,0.03896103896103897,0.023809523809523836,0.09999999999999998,0.25,0.25
2.0,9.5,0.061703703703703705,0.08808080808080809,0.24242424242424246,0.37714285714285717,-0.1575757575757576,0.6904761904761905,0.9,0.75,0.75,0.0017037037037037038,0.011313131313131317,0.0,0.08000000000000002,0.03636363636363637,0.023809523809523836,0.09999999999999998,0.25,0.25
2.0,10.0,0.06833767361111112,0.1000631313131313,0.26136363636363635,0.29241071428571447,-0.1893939393939394,0.6904761904761905,0.9,0.75,0.75,0.002712673611111112,0.011837121212121209,0.0,0.08370535714285715,0.034090909090909075,0.023809523809523836,0.09999999999999998,0.25,0.25
2.5,5.0,0.11261111137037039,0.08828282856565656,0.1848484862727273,0.3757142837142858,0.14242424384848487,0.6904761904761905,0.9,0.75,0.75,0.06294444444444446,0.04303030303030302,0.03939393948484851,0.3042857142857142,0.08181818190909093,0.023809523809523836,0.09999999999999998,0.25,0.25
2.5,5.5,0.08090277803703705,0.070707070989899,0.16666666809090913,0.49999999799999995,0.10606060748484851,0.6904761904761905,0.9,0.75,0.75,0.037152777777777785,0.02020202020202021,0.015151515242424266,0.1428571428571429,0.07575757584848487,0.023809523809523836,0.09999999999999998,0.25,0.25
2.5,6.0,0.06584467134996222,0.06359513518532262,0.15367965464935068,0.5502915440466473,0.08008658105627708,0.6904761904761905,0.9,0.75,0.75,0.021456916099773245,0.0058750773036487305,0.0021645021645021606,0.04154518950437314,0.07142857142857144,0.023809523809523836,0.09999999999999998,0.25,0.25
2.5,6.5,0.054231770981481485,0.05721275268686869,0.15340909187878787,0.5954241060000001,0.03219697066666667,0.6904761904761905,0.9,0.75,0.75,0.011566840277777775,0.003077651515151523,0.005681818181818177,0.02176339285714285,0.06249999999999999,0.023809523809523836,0.09999999999999998,0.25,0.25
2.5,7.0,0.05108024706172841,0.0589225590841751,0.15656565753535356,0.5833333321904761,-0.005050504080808069,0.6904761904761905,0.9,0.75,0.75,0.005298353909465019,0.008417508417508424,0.005050505050505041,0.05952380952380948,0.055555555555555566,0.023809523809523836,0.09999999999999998,0.25,0.25
2.5,7.5,0.052263889037037034,0.06449494965656566,0.1651515161212121,0.5439285702857144,-0.03484848387878786,0.6904761904761905,0.9,0.75,0.75,0.0011805555555555562,0.011666666666666665,0.004545454545454533,0.08249999999999996,0.05,0.023809523809523836,0.09999999999999998,0.25,0.25
2.5,8.0,0.05568181818181818,0.07183404290842307,0.17768595041322313,0.49203069657615117,-0.059228650137741035,0.6904761904761905,0.9,0.75,0.75,0.001595500459136822,0.013648885549711994,0.004132231404958664,0.09651711924439188,0.045454545454545456,0.023809523809523836,0.09999999999999998,0.25,0.25
2.5,8.5,0.05720486111111111,0.07733585858585858,0.20833333333333331,0.4531250000000001,-0.10984848484848483,0.6904761904761905,0.9,0.75,0.75,0.0035011574074074042,0.014835858585858588,0.0037878787878787706,0.1049107142857143,0.04166666666666666,0.023809523809523836,0.09999999999999998,0.25,0.25
2.5,9.0,0.06222057856673242,0.08729304883151037,0.23426573426573427,0.3827134404057482,-0.15268065268065267,0.6904761904761905,0.9,0.75,0.75,0.004824128862590406,0.015510130894746288,0.003496503496503503,0.10967878275570586,0.03846153846153846,0.023809523809523836,0.09999999999999998,0.25,0.25
2.5,9.5,0.06923894557823129,0.09969593898165327,0.25649350649350655,0.29500728862973774,-0.1893939393939394,0.6904761904761905,0.9,0.75,0.75,0.005746882086167797,0.015847247990105125,0.003246753246753248,0.11206268221574339,0.035714285714285726,0.023809523809523836,0.09999999999999998,0.25,0.25
2.5,10.0,0.07735185185185187,0.11333333333333336,0.27575757575757576,0.1985714285714285,-0.2212121212121212,0.6904761904761905,0.9,0.75,0.75,0.006388888888888888,0.015959595959595965,0.003030303030303022,0.11285714285714288,0.033333333333333326,0.023809523809523836,0.09999999999999998,0.25,0.25
3.0,5.0,0.10000000025925926,0.08585858614141413,0.16666666818181822,0.392857140857143,0.10606060757575762,0.6904761904761905,0.9,0.75,0.75,0.059722222222222225,0.037878787878787866,0.030303030393939445,0.26785714285714274,0.09090909100000004,0.023809523809523836,0.09999999999999998,0.25,0.25
3.0,5.5,0.07233333359259259,0.0701010103838384,0.14848485,0.5042857122857143,0.0696969712121212,0.6904761904761905,0.9,0.75,0.75,0.028777777777777763,0.010303030303030293,0.003030303121212108,0.07285714285714279,0.08181818190909092,0.023809523809523836,0.09999999999999998,0.25,0.25
3.0,6.0,0.0620370371851852,0.06565656581818183,0.13636363742424243,0.5357142845714287,0.04545454651515152,0.6904761904761905,0.9,0.75,0.75,0.012037037037037034,0.005050505050505059,0.015151515151515159,0.035714285714285754,0.07575757575757576,0.023809523809523836,0.09999999999999998,0.25,0.25
3.0,6.5,0.05396825411640212,0.061430633020820455,0.1515151525757576,0.5655976664956268,-0.004329003268398253,0.6904761904761905,0.9,0.75,0.75,0.0024943310657596363,0.013605442176870753,0.012987012987013005,0.09620991253644323,0.06493506493506493,0.023809523809523836,0.09999999999999998,0.25,0.25
3.0,7.0,0.05434027792592593,0.06597222238383839,0.16287878893939395,0.5334821417142859,-0.041666665606060596,0.6904761904761905,0.9,0.75,0.75,0.0029513888888888853,0.01799242424242424,0.011363636363636367,0.12723214285714285,0.05681818181818181,0.023809523809523836,0.09999999999999998,0.25,0.25
3.0,7.5,0.0584362141399177,0.07407407423569023,0.1717171727777778,0.4761904750476191,-0.07070706964646464,0.6904761904761905,0.9,0.75,0.75,0.006172839506172839,0.0202020202020202,0.01010101010101011,0.14285714285714285,0.050505050505050504,0.023809523809523836,0.09999999999999998,0.25,0.25
3.0,8.0,0.06411111111111112,0.08343434343434344,0.19090909100000003,0.41000000000000003,-0.09393939384848486,0.6904761904761905,0.9,0.75,0.75,0.00811111111111111,0.021212121212121213,0.009090909090909108,0.15000000000000002,0.04545454545454546,0.023809523809523836,0.09999999999999998,0.25,0.25
3.0,8.5,0.06721763085399449,0.09049169379747891,0.2231404959586777,0.3600944510035421,-0.14600550955096417,0.6904761904761905,0.9,0.75,0.75,0.009274563820018372,0.021537690959178568,0.00826446280991737,0.15230224321133412,0.04132231404958678,0.023809523809523836,0.09999999999999998,0.25,0.25
3.0,9.0,0.0738425925925926,0.10227272727272728,0.25000000009090906,0.27678571428571436,-0.18939393930303028,0.6904761904761905,0.9,0.75,0.75,0.009953703703703715,0.021464646464646464,0.007575757575757555,0.15178571428571425,0.03787878787878789,0.023809523809523836,0.09999999999999998,0.25,0.25
3.0,9.5,0.08231426692965155,0.11643057796903952,0.2727272728181819,0.17666948436179208,-0.22610722601631705,0.6904761904761905,0.9,0.75,0.75,0.010322156476002625,0.021158328850636517,0.006993006993007006,0.14961961115807254,0.03496503496503499,0.023809523809523836,0.09999999999999998,0.25,0.25
3.0,10.0,0.09166666666666666,0.13162234590806018,0.29220779229870125,0.0692419825072888,-0.25757575748484846,0.6904761904761905,0.9,0.75,0.75,0.010487528344671204,0.02071737786023501,0.006493506493506496,0.14650145772594764,0.032467532467532464,0.023809523809523836,0.09999999999999998,0.25,0.25
3.5,5.0,0.10138888914814816,0.09595959624242426,0.1666666681818182,0.3214285694285715,0.07575757727272729,0.6904761904761905,0.9,0.75,0.75,0.05138888888888889,0.02525252525252524,0.015151515242424266,0.17857142857142844,0.10606060615151518,0.023809523809523836,0.09999999999999998,0.25,0.25
3.5,5.5,0.07699652803703705,0.08017676795959597,0.1590909106060606,0.43303571228571436,0.037878789393939405,0.6904761904761905,0.9,0.75,0.75,0.014149305555555554,0.007575757575757576,0.015151515060606052,0.0535714285714286,0.090909091,0.023809523809523836,0.09999999999999998,0.25,0.25
3.5,6.0,0.07072222237037037,0.07737373753535355,0.16060606166666663,0.45285714171428565,0.015151516212121213,0.6904761904761905,0.9,0.75,0.75,0.0023888888888888918,0.022424242424242444,0.027272727272727268,0.15857142857142864,0.08181818181818182,0.023809523809523836,0.09999999999999998,0.25,0.25
3.5,6.5,0.06516203718518519,0.07449494965656567,0.1742424253030303,0.4732142845714286,-0.0378787868181818,0.6904761904761905,0.9,0.75,0.75,0.010300925925925925,0.02904040404040404,0.02272727272727275,0.20535714285714285,0.06818181818181818,0.023809523809523836,0.09999999999999998,0.25,0.25
3.5,7.0,0.06828231307331822,0.0815295816911977,0.18398268504329005,0.4234693866122449,-0.07575757469696968,0.6904761904761905,0.9,0.75,0.75,0.0139172335600907,0.03123067408781695,0.019480519480519487,0.22084548104956264,0.05844155844155845,0.023809523809523836,0.09999999999999998,0.25,0.25
3.5,7.5,0.07450086820370369,0.09177714662626263,0.19886363742424246,0.35100446314285727,-0.10416666560606061,0.6904761904761905,0.9,0.75,0.75,0.015516493055555549,0.031486742424242424,0.017045454545454544,0.22265625,0.051136363636363646,0.023809523809523836,0.09999999999999998,0.25,0.25
3.5,8.0,0.0816358024691358,0.10269360269360267,0.21717171726262627,0.273809523809524,-0.12626262617171716,0.6904761904761905,0.9,0.75,0.75,0.01610082304526749,0.03086419753086419,0.015151515151515138,0.2182539682539682,0.04545454545454546,0.023809523809523836,0.09999999999999998,0.25,0.25
3.5,8.5,0.08556944444444445,0.11085858585858585,0.2500000000909091,0.2160714285714287,-0.18030303021212118,0.6904761904761905,0.9,0.75,0.75,0.01615277777777778,0.02984848484848484,0.013636363636363627,0.21107142857142847,0.04090909090909091,0.023809523809523836,0.09999999999999998,0.25,0.25
3.5,9.0,0.09321625344352616,0.12417564070456631,0.2768595042231405,0.1219008264462812,-0.22451790624517903,0.6904761904761905,0.9,0.75,0.75,0.015920569329660246,0.028675181567743555,0.012396694214876047,0.2027744982290437,0.0371900826446281,0.023809523809523836,0.09999999999999998,0.25,0.25
3.5,9.5,0.10263310185185183,0.13983585858585856,0.29924242433333326,0.011160714285714635,-0.26136363627272724,0.6904761904761905,0.9,0.75,0.75,0.015538194444444445,0.027462121212121222,0.011363636363636381,0.1941964285714286,0.03409090909090906,0.023809523809523836,0.09999999999999998,0.25,0.25
3.5,10.0,0.11276298487836948,0.15632657940350247,0.3181818182727273,-0.10545224006762449,-0.2925407924498834,0.6904761904761905,0.9,0.75,0.75,0.01508053911900066,0.026268603191680118,0.010489510489510495,0.18575655114116657,0.031468531468531485,0.023809523809523836,0.09999999999999998,0.25,0.25
4.0,5.0,0.15694444434074073,0.14646464646464646,0.22727272854545455,-0.03571428571428559,0.015151516909090917,0.6904761904761905,0.9,0.75,0.75,0.02361111125185185,0.015151514949494946,0.015151514939393929,0.10714285571428572,0.13636363633333334,0.023809523809523836,0.09999999999999998,0.25,0.25
4.0,5.5,0.1175925924888889,0.11616161616161616,0.19696969824242422,0.17857142857142866,-0.015151513393939407,0.6904761904761905,0.9,0.75,0.75,0.015740740600000004,0.04545454525252524,0.045454545242424246,0.32142856999999997,0.10606060603030301,0.023809523809523836,0.09999999999999998,0.25,0.25
4.0,6.0,0.1065972220074074,0.10858585846464647,0.19696969778787882,0.23214285800000006,-0.030303028999999995,0.6904761904761905,0.9,0.75,0.75,0.026736110970370368,0.05303030282828283,0.04545454533333333,0.37499999857142857,0.09090909078787879,0.023809523809523836,0.09999999999999998,0.25,0.25
4.0,6.5,0.09799999978518519,0.10343434331313131,0.20606060687878788,0.2685714294285715,-0.08484848354545456,0.6904761904761905,0.9,0.75,0.75,0.02955555541481482,0.05333333313131313,0.03636363624242425,0.37714285571428574,0.07272727260606061,0.023809523809523836,0.09999999999999998,0.25,0.25
4.0,7.0,0.10046296274814814,0.111111110989899,0.21212121293939395,0.21428571514285716,-0.12121211990909092,0.6904761904761905,0.9,0.75,0.75,0.02916666652592592,0.050505050303030305,0.030303030181818194,0.35714285571428567,0.06060606048484849,0.023809523809523836,0.09999999999999998,0.25,0.25
4.0,7.5,0.10623582744958428,0.12203669334405277,0.2337662345844156,0.13702623992419843,-0.14718614588311688,0.6904761904761905,0.9,0.75,0.75,0.027777777637037024,0.04700061822716965,0.025974025852813845,0.3323615146064139,0.051948051826839814,0.023809523809523836,0.09999999999999998,0.25,0.25
4.0,8.0,0.11276041630370372,0.1332070704242424,0.2499999998484848,0.05803571628571447,-0.16666666633333332,0.6904761904761905,0.9,0.75,0.75,0.026128472081481488,0.04356060585858586,0.022727272606060597,0.3080357128571428,0.04545454533333333,0.023809523809523836,0.09999999999999998,0.25,0.25
4.0,8.5,0.11584362103621398,0.14141414113131315,0.28282828267676774,2.0000000544584395e-09,-0.2222222218888889,0.6904761904761905,0.9,0.75,0.75,0.02448559656707819,0.04040404020202019,0.020202020080808097,0.2857142842857142,0.04040404028282828,0.023809523809523836,0.09999999999999998,0.25,0.25
4.0,9.0,0.12327777741481481,0.1555555552727273,0.30909090893939395,-0.09999999799999998,-0.26666666633333336,0.6904761904761905,0.9,0.75,0.75,0.022944444303703695,0.03757575737373738,0.018181818060606064,0.26571428428571425,0.036363636242424224,0.023809523809523836,0.09999999999999998,0.25,0.25
4.0,9.5,0.1326446277362106,0.17213456854595544,0.3305785122451791,-0.21723730614639908,-0.30303030269696973,0.6904761904761905,0.9,0.75,0.75,0.021533516847321688,0.03506135717338675,0.01652892549862256,0.24793388286894918,0.0330578511184573,0.023809523809523836,0.09999999999999998,0.25,0.25
4.0,10.0,0.1427083329703704,0.18939393911111113,0.3484848483333334,-0.33928571228571414,-0.333333333,0.6904761904761905,0.9,0.75,0.75,0.020254629488888884,0.0328282826262626,0.015151515030303014,0.2321428557142854,0.030303030181818208,0.023809523809523836,0.09999999999999998,0.25,0.25
4.5,5.0,0.15694444434074073,0.14646464646464646,0.22727272854545455,-0.03571428571428559,0.015151516909090917,0.6904761904761905,0.9,0.75,0.75,0.02361111125185185,0.015151514949494946,0.015151514939393929,0.10714285571428572,0.13636363633333334,0.023809523809523836,0.09999999999999998,0.25,0.25
4.5,5.5,0.10659722211851852,0.10858585858585858,0.19696969824242422,0.2321428571428572,-0.030303028545454552,0.6904761904761905,0.9,0.75,0.75,0.026736110970370375,0.05303030282828282,0.045454545242424246,0.3749999985714285,0.09090909087878787,0.023809523809523836,0.09999999999999998,0.25,0.25
4.5,6.0,0.10138888867407408,0.10606060593939394,0.19696969778787882,0.2500000008571429,-0.04545454415151515,0.6904761904761905,0.9,0.75,0.75,0.031944444303703697,0.05555555535353535,0.04545454533333333,0.3928571414285714,0.07575757563636365,0.023809523809523836,0.09999999999999998,0.25,0.25
4.5,6.5,0.09696180534074073,0.10574494937373738,0.20833333415151517,0.2522321437142858,-0.10984848354545454,0.6904761904761905,0.9,0.75,0.75,0.03081597208148148,0.052083333131313136,0.03409090896969698,0.3683035699999999,0.056818181696969706,0.023809523809523836,0.09999999999999998,0.25,0.25
4.5,7.0,0.10449999978518519,0.11979797967676767,0.2272727280909091,0.15285714371428588,-0.14848484718181817,0.6904761904761905,0.9,0.75,0.75,0.0279444443037037,0.046666666464646456,0.02727272715151513,0.3299999985714284,0.045454545333333346,0.023809523809523836,0.09999999999999998,0.25,0.25
4.5,7.5,0.11377314793333332,0.13510100997979796,0.2500000008181818,0.044642858000000174,-0.17424242293939393,0.6904761904761905,0.9,0.75,0.75,0.02511574059999999,0.041666666464646465,0.022727272606060597,0.29464285571428567,0.03787878775757575,0.023809523809523836,0.09999999999999998,0.25,0.25
4.5,8.0,0.12247732390007558,0.1489383629412492,0.26623376608225113,-0.05320699508454779,-0.1926406923073593,0.6904761904761905,0.9,0.75,0.75,0.022647392149508686,0.03741496578437436,0.019480519359307363,0.26457725804664717,0.03246753234632034,0.023809523809523836,0.09999999999999998,0.25,0.25
4.5,8.5,0.1268446176925926,0.15901199466666666,0.3011363634848485,-0.12444196228571403,-0.25189393906060603,0.6904761904761905,0.9,0.75,0.75,0.020551215137037032,0.033854166464646465,0.017045454424242407,0.2393973199999999,0.028409090787878774,0.023809523809523836,0.09999999999999998,0.25,0.25
4.5,9.0,0.13595678976049383,0.1756453420291807,0.32828282813131315,-0.24206349006349193,-0.29797979764646465,0.6904761904761905,0.9,0.75,0.75,0.018775720023868313,0.030864197328843976,0.015151515030303014,0.21825396682539666,0.025252525131313125,0.023809523809523836,0.09999999999999998,0.25,0.25
4.5,9.5,0.14684722185925925,0.19449494921212118,0.34999999984848484,-0.37535714085714245,-0.3348484845151515,0.6904761904761905,0.9,0.75,0.75,0.017263888748148146,0.028333333131313143,0.013636363515151545,0.20035714142857153,0.02272727260606064,0.023809523809523836,0.09999999999999998,0.25,0.25
4.5,10.0,0.15813819982069174,0.2135821017290258,0.37327823676308536,-0.5103305765123963,-0.36501377377134986,0.6904761904761905,0.9,0.75,0.75,0.015966482871196813,0.026170798696051448,0.012396694093663896,0.18506493363636378,0.02066115690358128,0.023809523809523836,0.09999999999999998,0.25,0.25
5.0,5.5,0.10833333313703704,0.11616161606060604,0.19696969824242422,0.17857142928571446,-0.07575757384848486,0.6904761904761905,0.9,0.75,0.75,0.024999999951851856,0.045454545353535346,0.045454545242424246,0.32142857071428577,0.04545454557575757,0.023809523809523836,0.09999999999999998,0.25,0.25
5.0,6.0,0.10833333302592593,0.11616161593939395,0.19696969778787882,0.17857143014285726,-0.07575757430303029,0.6904761904761905,0.9,0.75,0.75,0.02499999995185185,0.04545454535353536,0.04545454533333333,0.32142857071428577,0.04545454548484848,0.023809523809523836,0.09999999999999998,0.25,0.25
5.0,6.5,0.10740740709999999,0.121212120989899,0.21212121293939395,0.1428571444285715,-0.15151515006060606,0.6904761904761905,0.9,0.75,0.75,0.022222222174074067,0.040404040303030304,0.030303030181818194,0.285714285,0.030303030333333335,0.023809523809523836,0.09999999999999998,0.25,0.25
5.0,7.0,0.12013888858148146,0.14267676745454544,0.2500000008181818,-0.008928569857142632,-0.1893939379393939,0.6904761904761905,0.9,0.75,0.75,0.01874999995185185,0.03409090898989899,0.022727272606060597,0.24107142785714286,0.02272727275757576,0.023809523809523836,0.09999999999999998,0.25,0.25
5.0,7.5,0.13199999969259257,0.16161616139393942,0.27272727354545456,-0.14285714128571414,-0.21212121066666667,0.6904761904761905,0.9,0.75,0.75,0.015999999951851848,0.02909090898989898,0.018181818060606036,0.20571428499999989,0.018181818212121212,0.023809523809523836,0.09999999999999998,0.25,0.25
5.0,8.0,0.14166666621111113,0.17676767638383836,0.2878787877272727,-0.24999999728571398,-0.2272727267878788,0.6904761904761905,0.9,0.75,0.75,0.013888888840740729,0.02525252515151513,0.01515151503030307,0.17857142785714275,0.015151515181818162,0.023809523809523836,0.09999999999999998,0.25,0.25
5.0,8.5,0.146258502945805,0.18759018720634918,0.32467532452380954,-0.32653060953061175,-0.2900432895584415,0.6904761904761905,0.9,0.75,0.75,0.012244897911035516,0.022263450733869303,0.01298701286580084,0.15743440161807576,0.012987013017316001,0.023809523809523836,0.09999999999999998,0.25,0.25
5.0,9.0,0.15642361065555555,0.206123736989899,0.35227272712121216,-0.4575892829999998,-0.33712121163636366,0.6904761904761905,0.9,0.75,0.75,0.010937499951851837,0.019886363535353543,0.01136363624242423,0.14062499928571437,0.011363636393939364,0.023809523809523836,0.09999999999999998,0.25,0.25
5.0,9.5,0.16831275674609053,0.226711559661055,0.37373737358585857,-0.6031746004603172,-0.3737373732525253,0.6904761904761905,0.9,0.75,0.75,0.009876543161728382,0.01795735118967451,0.010101009979797959,0.12698412626984112,0.01010101013131312,0.023809523809523836,0.09999999999999998,0.25,0.25
5.0,10.0,0.18033333287777775,0.2470707066868687,0.4030303028787878,-0.7471428544285713,-0.4030303025454546,0.6904761904761905,0.9,0.75,0.75,0.008999999951851842,0.016363636262626255,0.00909090896969697,0.11571428500000003,0.009090909121212132,0.023809523809523836,0.09999999999999998,0.25,0.25
