repetition,k,draw,a,b,fitted_macro_mse,fitted_micro_mse,fitted_mae,fitted_r2,fitted_bias,fitted_PTB,fitted_RTB,fitted_PBB,fitted_RBB,fixed_macro_mse,fixed_micro_mse,fixed_mae,fixed_r2,fixed_bias,fixed_PTB,fixed_RTB,fixed_PBB,fixed_RBB
1,5,0,0.6666655226653014,8.666669017091284,0.08299312725469195,0.07154604934336523,0.18991231510490147,0.5138591385381597,0.017105162249813195,0.7209302325581395,0.7209302325581395,0.6,0.6666666666666666,0.07656740323344671,0.07178362575438597,0.19473684249473688,0.5122448551196254,-0.015789473294736817,0.7209302325581395,0.7209302325581395,0.6,0.6666666666666666
1,5,1,0.0,9.328767073837483,0.07444750092270695,0.06690020340985671,0.19089574105726653,0.533964920929193,0.0015148034375028646,0.7142857142857143,0.7317073170731707,0.6,0.6666666666666666,0.07046673053001877,0.06606359651461989,0.18552631617894735,0.5397928278816466,-0.016228069785964888,0.7142857142857143,0.7317073170731707,0.6,0.6666666666666666
1,5,2,0.0,10.0,0.07139520202020203,0.07297076023391814,0.2101754385964912,0.4998270042194093,-0.039649122807017545,0.6923076923076923,0.8571428571428571,0.6,0.6666666666666666,0.07098538399681337,0.06906067253801171,0.19254386000350882,0.5266284281097047,-0.021491227715789447,0.6923076923076923,0.8571428571428571,0.6,0.6666666666666666
1,10,0,0.48387178161074773,8.709677371171841,0.08064026547248017,0.06615711753353269,0.18518518197096515,0.5246078000793954,0.022570780308421867,0.675,0.7105263157894737,0.6111111111111112,0.6875,0.0735411111748671,0.06608796298765432,0.18888888926296296,0.5251047312173485,-0.014814814440740712,0.675,0.7105263157894737,0.6111111111111112,0.6875
1,10,1,2.5714297817519287,9.910711355380053,0.08112280928206758,0.10315095051036105,0.24484988476911754,0.20215339074744643,-0.16509858161191196,0.6792452830188679,0.8571428571428571,0.4666666666666667,0.5384615384615384,0.07755363128771692,0.07069830249382718,0.1949074077814815,0.45316644543236084,-0.031018518144444427,0.6792452830188679,0.8571428571428571,0.4666666666666667,0.5384615384615384
1,10,2,3.8571426834388802,7.500000495164909,0.1045164327803616,0.10625400497898994,0.21503268252283064,0.2438581644896166,-0.07952071302003151,0.6923076923076923,0.6923076923076923,0.5555555555555556,0.625,0.07965509969777908,0.07411265434567901,0.20185185215185186,0.4725876120851229,-0.021296295996296268,0.6923076923076923,0.6923076923076923,0.5555555555555556,0.625
1,20,0,3.000002753802572,6.5999966871172795,0.105107820324816,0.08622686751108995,0.1923611192482072,0.3598830302050805,0.03819452658147458,0.7297297297297297,0.75,0.4666666666666667,0.5384615384615384,0.08023190642903393,0.07170138891666666,0.19166666708333333,0.4677149115092152,-0.023958332916666648,0.7297297297297297,0.75,0.4666666666666667,0.5384615384615384
1,20,1,0.681021107495953,9.405429983140378,0.06426581335413209,0.06091210963501219,0.1825359902768852,0.5569468979698571,-0.0366704903918174,0.7435897435897436,0.7837837837837838,0.5625,0.6923076923076923,0.06515726967723494,0.0595052083611111,0.17395833375416667,0.5671801993180958,-0.023958332912499974,0.7435897435897436,0.7837837837837838,0.5625,0.6923076923076923
1,20,2,1.9166665707023185,6.466667070186937,0.10991425621061726,0.08935933571787003,0.2008699545006674,0.39524171808843667,0.11030217462630491,0.7058823529411765,0.7058823529411765,0.625,0.625,0.07019966192246344,0.07102864586111111,0.1932291669625,0.5192985546234283,-0.014062499704166639,0.7058823529411765,0.7058823529411765,0.625,0.625
1,40,0,1.289717084930371,8.761680937540554,0.07867859518478758,0.07424835130667044,0.19159887383099378,0.5049091207375753,-0.0301644989639344,0.7575757575757576,0.8620689655172413,0.46153846153846156,0.5454545454545454,0.07740813985762801,0.07401620370370372,0.1944444447277778,0.5064570899362009,-0.0319444441611111,0.7575757575757576,0.8620689655172413,0.46153846153846156,0.5454545454545454
1,40,1,1.046416894363725,9.08023051451593,0.07986111205095145,0.08126228298785573,0.21280169184925873,0.42998528495204025,-0.04590438232444825,0.6764705882352942,0.8214285714285714,0.6363636363636364,0.6363636363636364,0.08081808599386725,0.08055555555555556,0.2111111115555556,0.43494262827451813,-0.03888888844444442,0.6764705882352942,0.8214285714285714,0.6363636363636364,0.6363636363636364
1,40,2,1.846148038937052,7.846158472969543,0.1175046255032072,0.08969973776038094,0.2106837271013234,0.3363161672901708,0.03717950518536798,0.6551724137931034,0.7307692307692307,0.5454545454545454,0.6,0.09724494769123035,0.0816840278148148,0.21458333372777777,0.3956240006394154,-0.004861110716666643,0.6551724137931034,0.7307692307692307,0.5454545454545454,0.6
1,60,0,1.4580388867814995,8.451697169467195,0.09485770665487403,0.10028098424922027,0.23298800075742093,0.3818295491486422,-0.01266537905579763,0.7222222222222222,0.7647058823529411,0.5454545454545454,0.6666666666666666,0.08994587418300654,0.09787326388888888,0.23645833375833333,0.39667166095890427,-0.02187499957499998,0.7222222222222222,0.7647058823529411,0.5454545454545454,0.6666666666666666
1,60,1,0.694553965179533,8.874148982644845,0.07750490863204945,0.07325546278988444,0.20763056142568007,0.5033527946448513,0.0063832610556570635,0.6666666666666666,0.875,0.5,0.625,0.07526041672222222,0.0737413195,0.20937500033333337,0.5000588508474577,-0.013541666333333318,0.6666666666666666,0.875,0.5,0.625
1,60,2,0.0,9.412843989017787,0.05318426153644201,0.04809848871234609,0.16206140259355944,0.6536908812711082,-0.018445416036342192,0.7391304347826086,0.9444444444444444,0.625,0.7142857142857143,0.046273279671717175,0.044140625,0.153125000425,0.6821875000000001,-0.03229166624166664,0.7391304347826086,0.9444444444444444,0.625,0.7142857142857143
2,5,0,5.126163382277447,6.174767321726437,0.14194390597641154,0.15438596465730994,0.24561403603975784,-0.10934182407024107,-0.115789471698196,0.6666666666666666,0.8372093023255814,0.6666666666666666,0.75,0.0697030947421404,0.07012061405847954,0.20657894771929827,0.4961476577406225,-0.0276315785964912,0.6666666666666666,0.8372093023255814,0.6666666666666666,0.75
2,5,1,2.2400834411257295,6.751983325862479,0.08888357628046455,0.07348462955401212,0.18312730927324603,0.4952825101027708,0.0734572437485474,0.6538461538461539,0.8292682926829268,0.6842105263157895,0.7222222222222222,0.07022384188685638,0.07116228070175439,0.20789473712280704,0.5112331938102488,-0.02105263129824559,0.6538461538461539,0.8292682926829268,0.6842105263157895,0.7222222222222222
2,5,2,5.1931246734032825,9.403437130823157,0.17130630361924148,0.2312869431254817,0.360179981696826,-0.6619145395760135,-0.34614488064019455,0.6666666666666666,0.8372093023255814,0.6470588235294118,0.6875,0.07193127220607236,0.07203947368421054,0.20877193010526318,0.4823596735668787,-0.034210526035087695,0.6666666666666666,0.8372093023255814,0.6470588235294118,0.6875
2,10,0,0.6666707740288956,6.666669041348211,0.12694218796337584,0.08861443973951322,0.21111098683203877,0.3527709991974237,0.15802442647786183,0.65,0.6666666666666666,0.6666666666666666,0.6666666666666666,0.07155532187143876,0.06753472224691358,0.20601851885185185,0.5067346706943192,-0.009722221888888858,0.65,0.6666666666666666,0.6666666666666666,0.6666666666666666
2,10,1,0.0,7.350000152599542,0.11327481475854342,0.08840194980162612,0.21489039916009073,0.4192049260509604,0.12660618981079685,0.68,0.85,0.6842105263157895,0.7222222222222222,0.07073567711111112,0.07318672841975309,0.21018518555555557,0.5191679432408076,-0.01481481444444442,0.68,0.85,0.6842105263157895,0.7222222222222222
2,10,2,1.6604934591533533,8.45679058150088,0.07602126716120866,0.07479025516120756,0.20516702980530038,0.467765560205776,-0.018427708189963973,0.64,0.8205128205128205,0.6875,0.6875,0.07552348912085599,0.07521219138271604,0.2152777780740741,0.4647629098203827,-0.025462962666666637,0.64,0.8205128205128205,0.6875,0.6875
2,20,0,0.0,9.461538144230122,0.07126269840278289,0.06949649523274187,0.2127032467415609,0.5358304585568262,-0.010264208830469228,0.6808510638297872,0.8888888888888888,0.6875,0.6875,0.0656792535,0.06564670141666668,0.20260416695833333,0.5615433671614101,-0.020312499708333306,0.6808510638297872,0.8888888888888888,0.6875,0.6875
2,20,1,2.6874999528985843,6.460937490942974,0.09800775970871614,0.08022335000374549,0.18250517736349553,0.4326049901503267,0.07582816190577728,0.6590909090909091,0.8285714285714286,0.6428571428571429,0.6428571428571429,0.07486697330447331,0.07443576388888888,0.21041666695833333,0.47353880157170936,-0.021874999708333308,0.6590909090909091,0.8285714285714286,0.6428571428571429,0.6428571428571429
2,20,2,2.138119140096566,8.403315778793278,0.0750133286974833,0.0785893720019811,0.20540123315879422,0.44525149175072176,-0.04682534240719542,0.6521739130434783,0.8108108108108109,0.7333333333333333,0.7857142857142857,0.07456703357918633,0.07523871530555556,0.21510416708333335,0.4689031860784315,-0.03385416624999998,0.6521739130434783,0.8108108108108109,0.7333333333333333,0.7857142857142857
2,40,0,2.015860380080139,9.003304360879795,0.061178200599225414,0.08285086146662542,0.22344237260098507,0.23106046647990175,-0.12396254825850139,0.6923076923076923,0.8181818181818182,0.7142857142857143,0.7142857142857143,0.06500458456669873,0.0700231481851852,0.21250000044444445,0.35011458000572904,-0.07777777733333331,0.6923076923076923,0.8181818181818182,0.7142857142857143,0.7142857142857143
2,40,1,2.2333312385951944,6.583334654679965,0.07160680423074182,0.05383361833262323,0.15172415547001136,0.5777755424892295,0.10268199669119875,0.7037037037037037,0.7916666666666666,0.5833333333333334,0.7777777777777778,0.053457754660493836,0.04791666670370371,0.16805555594444446,0.6241830062454611,-0.00416666627777776,0.7037037037037037,0.7916666666666666,0.5833333333333334,0.7777777777777778
2,40,2,2.7841379807711384,6.378857355969777,0.09366590867059842,0.08038470161018241,0.1745506988812668,0.4852837288201757,0.08594768321985723,0.68,0.68,0.6666666666666666,0.7692307692307693,0.06963586186609687,0.07112268522222222,0.1972222226666667,0.5445899207114623,0.005555556000000025,0.68,0.68,0.6666666666666666,0.7692307692307693
2,60,0,3.4105894881365026,6.470202015722912,0.14259567246090185,0.10966932745997289,0.2235388600818494,0.27391341819604154,0.023647239359278233,0.5625,0.5625,0.7777777777777778,0.7777777777777778,0.10894097222222224,0.091015625,0.23645833349999998,0.39741379310344827,-0.028124999833333313,0.5625,0.5625,0.7777777777777778,0.7777777777777778
2,60,1,2.7539158732645754,6.841161176174207,0.12440307326599298,0.09673846348354993,0.21145317047838827,0.16634717285271172,0.041174138065503234,0.6190476190476191,0.65,0.3333333333333333,1.0,0.10247395837962964,0.09023437505555557,0.23854166708333335,0.22239676792339924,-0.040624999583333314,0.6190476190476191,0.65,0.3333333333333333,1.0
2,60,2,3.0000148416565673,6.562508519782352,0.08107071043910544,0.08794240089846343,0.1916667719604941,0.3455449235463186,0.041665370538756144,0.625,0.625,0.7142857142857143,0.8333333333333334,0.06721100983796297,0.07447916666666668,0.20833333358333334,0.44573643410852704,-0.012499999749999982,0.625,0.625,0.7142857142857143,0.8333333333333334
3,5,0,4.472049945931916,5.527950021346739,0.08788812635963747,0.08070175480460161,0.1789473703226918,0.42930523820270217,0.02807018047954958,0.7391304347826086,0.8095238095238095,0.6,0.7058823529411765,0.05595660520217299,0.05531798247953217,0.17324561442105266,0.6088104538655756,0.003070175824561429,0.7391304347826086,0.8095238095238095,0.6,0.7058823529411765
3,5,1,1.9999545896744684,8.00007053811325,0.051690168383469765,0.05087696025803308,0.15438733360240292,0.6397139409800578,0.014032564058912605,0.7333333333333333,0.8048780487804879,0.6190476190476191,0.7647058823529411,0.053181647808369197,0.05275950294736842,0.17236842143859651,0.6263826829206627,0.0021929828421052896,0.7333333333333333,0.8048780487804879,0.6190476190476191,0.7647058823529411
3,5,2,3.3835032929732907,3.773760321491513,0.21670751737186814,0.14385964986666666,0.22807017749824565,-0.009590466599273872,0.20000000212280708,0.7555555555555555,0.8095238095238095,0.631578947368421,0.7058823529411765,0.05365896358543418,0.051644736842105264,0.16754386000000002,0.6375631804043547,0.005263158245614059,0.7555555555555555,0.8095238095238095,0.631578947368421,0.7058823529411765
3,10,0,1.6209653949088119,8.419355294874666,0.05407267885030146,0.05391322499577356,0.16538819285743045,0.6297782496051343,0.0062212573548543855,0.7674418604651163,0.7857142857142857,0.631578947368421,0.75,0.05591207840079365,0.055999228419753085,0.17453703744444443,0.6154536782403917,0.003240741148148178,0.7674418604651163,0.7857142857142857,0.631578947368421,0.75
3,10,1,1.8648638565219786,9.486480161241241,0.04863069748888786,0.05966491547859185,0.17691079790777373,0.5793857133362977,-0.08400269454155129,0.7619047619047619,0.8,0.631578947368421,0.75,0.05161540249643171,0.05262345679012345,0.1685185188148148,0.6290252393385554,-0.00833333303703701,0.7619047619047619,0.8,0.631578947368421,0.75
3,10,2,2.666666716497012,5.6666658576755555,0.1162484246339314,0.08724282882014874,0.19259262579663805,0.4034328654920888,0.13333339078247114,0.7674418604651163,0.8461538461538461,0.631578947368421,0.7058823529411765,0.05414014473067782,0.053317901234567894,0.16851851888888889,0.6354117812587938,0.012037037407407435,0.7674418604651163,0.8461538461538461,0.631578947368421,0.7058823529411765
3,20,0,0.4343877761856526,9.895931115571445,0.05493251725331936,0.060010240409207195,0.19476333565356238,0.5880598441699041,-0.03664528258086215,0.7368421052631579,0.7777777777777778,0.6875,0.7333333333333333,0.051830150490740745,0.05323350697222222,0.17447916700000002,0.6345787150995112,-0.005729166333333313,0.7368421052631579,0.7777777777777778,0.6875,0.7333333333333333
3,20,1,1.7177291584362866,9.115971067171385,0.046766540756508115,0.052753958100938005,0.17185365804801916,0.6151199510305221,-0.05043264673262262,0.7428571428571429,0.7878787878787878,0.6470588235294118,0.7857142857142857,0.05091974189158667,0.05058593752777778,0.17239583362500002,0.6309373018872704,-0.006770833041666644,0.7428571428571429,0.7878787878787878,0.6470588235294118,0.7857142857142857
3,20,2,1.281588507393433,7.424026095403812,0.0762469744190102,0.06278835341094362,0.18065555148618445,0.570269824563884,0.09301027895355132,0.7428571428571429,0.7878787878787878,0.6875,0.6875,0.056200021043771045,0.05483940972222222,0.17760416695833334,0.624673241444867,0.008854166958333359,0.7428571428571429,0.7878787878787878,0.6875,0.6875
3,40,0,2.0120135528396004,6.8554238764311615,0.07461215794755047,0.06431582653877241,0.17321772227210322,0.5743805596698885,0.11965316407186515,0.6896551724137931,0.8695652173913043,0.6,0.6923076923076923,0.049293845999009045,0.04817708333333334,0.16597222261111114,0.6811810661764706,0.03125000038888891,0.6896551724137931,0.8695652173913043,0.6,0.6923076923076923
3,40,1,1.5666669572713505,8.666666320205907,0.05368330162787435,0.056884655260046636,0.17089201215526553,0.6147443916334634,-0.01064162301414691,0.696969696969697,0.8518518518518519,0.6153846153846154,0.7272727272727273,0.0572198346063196,0.05888310188888889,0.17986111150000003,0.6012097614548495,-0.0006944440555555358,0.696969696969697,0.8518518518518519,0.6153846153846154,0.7272727272727273
3,40,2,1.5408156402707676,7.693879913191008,0.06253541436559502,0.05619656549419692,0.16437256394998206,0.6372248013524647,0.08355436290342255,0.7241379310344828,0.875,0.5384615384615384,1.0,0.05194856591736695,0.051591435222222225,0.16736111155555555,0.6669530780633594,0.03541666711111113,0.7241379310344828,0.875,0.5384615384615384,1.0
3,60,0,2.2018355802638334,7.8275233140625184,0.044153731536041546,0.04777469358650259,0.15071753471192867,0.6009538354723681,0.013861645549096625,0.7692307692307693,0.7692307692307693,0.8333333333333334,0.8333333333333334,0.046498206654456656,0.04505208333333334,0.15625000016666665,0.6236948955916473,0.014583333500000012,0.7692307692307693,0.7692307692307693,0.8333333333333334,0.8333333333333334
3,60,1,1.9935105250121865,8.165191285954863,0.051752980895992715,0.05390365698527384,0.1671565797846636,0.5666037629324716,-0.0026741990459397597,0.6470588235294118,0.7333333333333333,0.7142857142857143,0.8333333333333334,0.054901175256410265,0.053689236166666675,0.17395833383333334,0.5683277494137353,-0.0010416661666666465,0.6470588235294118,0.7333333333333333,0.7142857142857143,0.8333333333333334
3,60,2,1.8466705320802708,8.541519880956793,0.04906641973880689,0.060472377395753875,0.17736773553492421,0.6138349292688001,-0.05052561600107001,0.6666666666666666,0.8235294117647058,0.6363636363636364,0.7777777777777778,0.05231183619281045,0.06232638888888888,0.19166666683333333,0.6019955654101996,-0.03124999983333332,0.6666666666666666,0.8235294117647058,0.6363636363636364,0.7777777777777778
4,5,0,0.0,9.029413162007172,0.06346773970576991,0.05875954317202522,0.18759931385357392,0.5964194237994465,0.01933816717397587,0.7111111111111111,0.7804878048780488,0.6153846153846154,0.8888888888888888,0.05601472525575881,0.05778508778947369,0.18245614080701753,0.6031123156012177,-0.015789473228070155,0.7111111111111111,0.7804878048780488,0.6153846153846154,0.8888888888888888
4,5,1,4.066762233634796,7.586647436591487,0.08409570093672171,0.09268559655938839,0.18744321059208643,0.3495431501178228,-0.09557795456995653,0.717391304347826,0.7857142857142857,0.6,0.8823529411764706,0.05393342237356054,0.05575657899415205,0.1785087723157895,0.6087067453948507,-0.022368420666666645,0.717391304347826,0.7857142857142857,0.6,0.8823529411764706
4,5,2,2.787493316182319,6.4250123859424155,0.07740612252798316,0.06405975606257844,0.1614035158395749,0.5569436575116713,0.054186658745187216,0.6956521739130435,0.7804878048780488,0.64,0.8888888888888888,0.055991219402660754,0.05745614039766082,0.18157894778947367,0.6026162292404633,-0.016666666245614012,0.6956521739130435,0.7804878048780488,0.64,0.8888888888888888
4,10,0,5.6620951431286475,6.168952420705876,0.12749287720263025,0.1370370365876455,0.22592592704444445,-0.0009017099728840794,-0.10740740462219571,0.6818181818181818,0.7692307692307693,0.5833333333333334,0.9333333333333333,0.0545631343945869,0.05665509264197532,0.18194444488888892,0.5861981511271415,-0.020833332888888865,0.6818181818181818,0.7692307692307693,0.5833333333333334,0.9333333333333333
4,10,1,3.500004409673005,4.999991135741004,0.15136097752947755,0.10493827196585982,0.1888888908553417,0.2772108818678023,0.12222222512029743,0.7045454545454546,0.7948717948717948,0.625,0.8823529411764706,0.057252830672880686,0.0583526235308642,0.18750000044444445,0.5980814195578231,-0.01805555511111109,0.7045454545454546,0.7948717948717948,0.625,0.8823529411764706
4,10,2,0.0,8.943394603630908,0.05979515218404458,0.05407510006829489,0.17876230007810148,0.6218270534364257,0.02639483462304888,0.6888888888888889,0.7948717948717948,0.6818181818181818,0.8823529411764706,0.05070981550993799,0.05268132723456791,0.17453703751851854,0.6315743711243285,-0.011574073592592568,0.6888888888888889,0.7948717948717948,0.6818181818181818,0.8823529411764706
4,20,0,2.5538581180632534,7.907682547970981,0.061107240811189886,0.06180153267713475,0.16221263557515658,0.5550289647246298,-0.026365093973522945,0.7073170731707317,0.8055555555555556,0.5909090909090909,0.9285714285714286,0.058347847974386725,0.05820312508333334,0.18645833375,0.5809374994000001,-0.022916666249999967,0.7073170731707317,0.8055555555555556,0.5909090909090909,0.9285714285714286
4,20,1,1.3585001881441194,7.245280421897478,0.07219046120735946,0.05726236418041122,0.16907039101146734,0.5744662396088652,0.09302862815488551,0.6744186046511628,0.8529411764705882,0.6,0.9230769230769231,0.051632165908291054,0.05078125008333334,0.17187500045833332,0.6226293375306412,0.005208333791666689,0.6744186046511628,0.8529411764705882,0.6,0.9230769230769231
4,20,2,2.4456139518855617,9.066666478072037,0.06652104265306741,0.07964992472957044,0.20468997633139926,0.45324327679379595,-0.11832271690952094,0.7692307692307693,0.7692307692307693,0.6190476190476191,0.8666666666666667,0.06391559831837607,0.06260850697222223,0.189062500375,0.5702240493862472,-0.04635416629166665,0.7692307692307693,0.7692307692307693,0.6190476190476191,0.8666666666666667
4,40,0,2.0210513519797906,6.599998928480727,0.08046699804176784,0.06505476097339503,0.16662838784276665,0.5594117358825254,0.08440624157960737,0.7586206896551724,0.8148148148148148,0.6,0.8181818181818182,0.05519943024216524,0.057060185222222226,0.1777777782222222,0.6135556017558529,-0.01527777733333331,0.7586206896551724,0.8148148148148148,0.6,0.8181818181818182
4,40,1,1.7368989665354657,8.72552508263592,0.04754898942048423,0.05497371639606107,0.17136970176283228,0.5428263831539069,-0.07664851279814275,0.7428571428571429,0.8666666666666667,0.46153846153846156,0.8571428571428571,0.05102461557539683,0.05344328703703704,0.1784722225,0.5555537731006159,-0.05902777749999998,0.7428571428571429,0.8666666666666667,0.46153846153846156,0.8571428571428571
4,40,2,1.2085562025081196,8.44385037095935,0.05547198068605985,0.04793640677375953,0.15798226477174518,0.6547811559302492,0.008610487748740415,0.7096774193548387,0.8148148148148148,0.7142857142857143,0.9090909090909091,0.053585990202020206,0.05115740751851852,0.1708333338888889,0.6315847958212936,-0.013888888333333313,0.7096774193548387,0.8148148148148148,0.7142857142857143,0.9090909090909091
4,60,0,2.2237526263274825,7.778322945418344,0.07619134147530489,0.06673030506737805,0.1555078650721242,0.45894347242666444,-0.020912736559444454,0.8260869565217391,0.8636363636363636,0.6666666666666666,0.8,0.0671362059315376,0.06345486122222223,0.18541666725,0.48550112522522526,-0.05208333274999999,0.8260869565217391,0.8636363636363636,0.6666666666666666,0.8
4,60,1,1.8158994343094501,7.715480811552197,0.0782366688064021,0.06807607941536167,0.19563830323979947,0.4933873159787038,0.042765987858954524,0.55,0.7857142857142857,0.6363636363636364,0.875,0.06819971481878306,0.06575520838888889,0.19895833383333333,0.5106589143152456,0.003125000500000019,0.55,0.7857142857142857,0.6363636363636364,0.875
4,60,2,1.9527616463423736,7.947231529736413,0.06159118763147959,0.06879950244075213,0.16750851486037907,0.4659229999208462,-0.004162536814353102,0.6818181818181818,0.75,0.4444444444444444,0.6666666666666666,0.06138928356060607,0.069748264,0.19062500066666668,0.4585579506199462,-0.03020833266666665,0.6818181818181818,0.75,0.4444444444444444,0.6666666666666666
5,5,0,0.0,8.43103444585388,0.08338169831310849,0.06309248009937109,0.19416639814823392,0.5636336260157174,0.07981918285899597,0.6530612244897959,0.7804878048780488,0.8421052631578947,0.8888888888888888,0.061024286330426225,0.0549342105497076,0.18508771964912285,0.6200586468068803,0.0070175442105263434,0.6530612244897959,0.7804878048780488,0.8421052631578947,0.8888888888888888
5,5,1,2.782610026321641,8.3913028236209,0.06006190693024363,0.05939737187692874,0.16997140902124236,0.5802547824340056,-0.043002807456342454,0.66,0.7674418604651163,0.8823529411764706,0.8823529411764706,0.06415475615917314,0.05688961990643276,0.18728070210526315,0.597976389690273,-0.0013157891228069909,0.66,0.7674418604651163,0.8823529411764706,0.8823529411764706
5,5,2,4.283884904824517,4.4317199798446,0.1577450989861438,0.10292397729824561,0.18947368623508773,0.2711421049651267,0.16140351087368426,0.64,0.7804878048780488,0.8333333333333334,0.8823529411764706,0.059056048762856694,0.05396564329824562,0.18464912312280707,0.6178413795204882,0.004824561719298275,0.64,0.7804878048780488,0.8333333333333334,0.8823529411764706
5,10,0,4.393891012113712,5.936521175655598,0.07174248644145984,0.062130927611359826,0.15251377437537175,0.5158887748110164,0.06680820971465315,0.64,0.8,0.8461538461538461,0.8461538461538461,0.05783319980854701,0.05106095681481481,0.17268518555555556,0.6021436776613939,0.005092592962962989,0.64,0.8,0.8461538461538461,0.8461538461538461
5,10,1,3.2199226335299787,5.890040882003738,0.08910525552661792,0.06489733365638206,0.15185184751872285,0.5336603623903152,0.12039180076345865,0.6382978723404256,0.7894736842105263,0.8235294117647058,0.875,0.06242868655863903,0.054976851876543206,0.1842592595925926,0.6049470180581568,0.012962963296296322,0.6382978723404256,0.7894736842105263,0.8235294117647058,0.875
5,10,2,2.10000004146442,8.70000028855277,0.05400272865704917,0.05588205488858973,0.1747474782894583,0.6060533989577226,-0.03063975272264087,0.6521739130434783,0.75,0.8235294117647058,0.875,0.06023392041007906,0.05667438274074074,0.18611111144444448,0.6004677979112272,3.3333336584778157e-10,0.6521739130434783,0.75,0.8235294117647058,0.875
5,20,0,4.399999620877736,6.200000464736081,0.08214291110046272,0.0726851797551035,0.1680555589148456,0.46970660495326655,0.02916665522622729,0.6097560975609756,0.7575757575757576,0.8,0.8571428571428571,0.06665414335968381,0.05983072919444445,0.19427083358333333,0.5634895501456618,0.005729166916666693,0.6097560975609756,0.7575757575757576,0.8,0.8571428571428571
5,20,1,4.556077065154147,5.887845865443536,0.08223104106841478,0.06666666702858659,0.15000000179008444,0.5246936476238907,0.05000000204282684,0.6428571428571429,0.75,0.8666666666666667,0.9285714285714286,0.06220548117724868,0.05546875002777778,0.18125000041666667,0.6045302634484466,4.166666914273698e-10,0.6428571428571429,0.75,0.8666666666666667,0.9285714285714286
5,20,2,2.9374955511380962,6.242192280358864,0.07894834242283308,0.05903362908581389,0.1505024469941571,0.5939896077202532,0.10257085483483777,0.6666666666666666,0.8,0.8125,0.8666666666666667,0.06006634427380953,0.05546875002777778,0.1843750002916667,0.6185074624955225,0.007291666958333359,0.6666666666666666,0.8,0.8125,0.8666666666666667
5,40,0,1.6974237362691604,8.660874493427768,0.0502714894920981,0.04784560566613286,0.16726466566643497,0.6687611915421572,-0.008089528090776354,0.6875,0.7857142857142857,0.8333333333333334,0.9090909090909091,0.05373968483140934,0.05026041670370371,0.17708333372222224,0.6520432689743589,-0.002083332944444427,0.6875,0.7857142857142857,0.8333333333333334,0.9090909090909091
5,40,1,3.266668865767912,6.466666212569533,0.07894234583792392,0.059982630728695495,0.1576388738040493,0.5843804029919302,0.07291661472897217,0.6451612903225806,0.7407407407407407,0.8333333333333334,0.9090909090909091,0.0626074735820106,0.058275463,0.18611111155555557,0.5962093667236954,-0.0013888884444444223,0.6451612903225806,0.7407407407407407,0.8333333333333334,0.9090909090909091
5,40,2,4.400000076351645,6.199999908564189,0.08182539857354822,0.07345679200737812,0.1611111143798607,0.5004198024687129,0.005555558785987598,0.6551724137931034,0.76,0.8461538461538461,0.9166666666666666,0.06396980406746033,0.05882523148148148,0.19236111127777777,0.5999291561712845,-0.014583333166666653,0.6551724137931034,0.76,0.8461538461538461,0.9166666666666666
5,60,0,3.489140811756123,6.163034472764692,0.07942862746618913,0.0606117912627689,0.1444107220859714,0.6075495529748778,0.06595563763197707,0.8333333333333334,0.8333333333333334,0.75,0.75,0.06016710069444445,0.05711805555555556,0.179166667,0.6301708633093526,-0.008333332999999981,0.8333333333333334,0.8333333333333334,0.75,0.75
5,60,1,1.8757186262591414,8.620079620779697,0.046210192570197345,0.04276146660514121,0.1461751594109914,0.646923670232779,-0.034839986303898084,0.7142857142857143,0.7894736842105263,0.8333333333333334,1.0,0.050861825491759716,0.04431423611111111,0.15312500041666666,0.6341026376146789,-0.02812499958333332,0.7142857142857143,0.7894736842105263,0.8333333333333334,1.0
5,60,2,1.5247975174192347,8.690887930785182,0.041613595309411715,0.045754679578287744,0.1665741261834783,0.6878884955341812,0.002611502777894824,0.65,0.7647058823529411,0.875,0.875,0.04608237713012478,0.049088541722222226,0.176041667,0.6651468494552344,0.005208333666666678,0.65,0.7647058823529411,0.875,0.875
6,5,0,5.607959156786213,6.078408163881052,0.12859812576175758,0.13596491229066693,0.22280701899969177,0.03716216209159384,-0.07543859380794239,0.6808510638297872,0.7804878048780488,0.65,0.7647058823529411,0.06247605067811256,0.06065423981286551,0.18640350912280704,0.5704759695902354,-0.005701754035087689,0.6808510638297872,0.7804878048780488,0.65,0.7647058823529411
6,5,1,1.7987480869033776,3.3792371427452563,0.25759645477719395,0.1790558530026856,0.2762283429803615,-0.22981664638450283,0.2718915404082349,0.6956521739130435,0.7804878048780488,0.6842105263157895,0.7222222222222222,0.06295784642163506,0.060142543906432755,0.1855263161403509,0.586920503230171,0.003947368771929856,0.6956521739130435,0.7804878048780488,0.6842105263157895,0.7222222222222222
6,5,2,5.247862045039067,6.3760689774833175,0.12558201051711973,0.13684210512518163,0.2210526327580367,0.00812065065207268,-0.09473684023175626,0.6808510638297872,0.7619047619047619,0.631578947368421,0.75,0.06418898813968255,0.06197002928654972,0.18903508803508773,0.550819594074603,-0.01096491196491225,0.6808510638297872,0.7619047619047619,0.631578947368421,0.75
6,10,0,4.546905609252866,5.906188765476901,0.10137559832285091,0.09382716051258212,0.20000000136326507,0.32577624432062724,0.01481481731600994,0.6590909090909091,0.7631578947368421,0.631578947368421,0.75,0.0655974683541866,0.06325231486419754,0.19212962996296296,0.5454811479940858,-0.005092592259259233,0.6590909090909091,0.7631578947368421,0.631578947368421,0.75
6,10,1,2.2857145911882126,6.571428759740181,0.09087580049232197,0.06709876078586216,0.16703703387389773,0.5269800153477082,0.10111108969152802,0.7021276595744681,0.825,0.6666666666666666,0.75,0.06159499635293149,0.05673225311111111,0.17824074111111113,0.6000598344647521,0.004166667037037067,0.7021276595744681,0.825,0.6666666666666666,0.75
6,10,2,2.22808354772075,9.438579193173979,0.06348034187756023,0.07573879681829321,0.21059704867581996,0.4520287526743175,-0.10089170180379274,0.6744186046511628,0.7435897435897436,0.6470588235294118,0.6875,0.0635099492948718,0.06305941362962963,0.1902777780740741,0.5437642662167526,-0.013425925629629609,0.6744186046511628,0.7435897435897436,0.6470588235294118,0.6875
6,20,0,2.781609142635317,7.298850626292143,0.07935093477791534,0.06837613032354188,0.17779898339113648,0.5120226605580458,0.029452926599296186,0.6585365853658537,0.7714285714285715,0.625,0.7142857142857143,0.06791914687830689,0.06440972227777778,0.19270833366666668,0.5403295746252013,0.0020833336666666925,0.6585365853658537,0.7714285714285715,0.625,0.7142857142857143
6,20,1,2.9999999469498952,7.0000000089278265,0.08028287052730854,0.07022569404801352,0.176041667553107,0.49782743920973593,0.038541670077936074,0.65,0.7647058823529411,0.6470588235294118,0.7857142857142857,0.06237267639617464,0.06019965283333335,0.1822916670416667,0.5695220356052142,0.0010416670416666912,0.65,0.7647058823529411,0.6470588235294118,0.7857142857142857
6,20,2,0.14042229100414383,8.923408664350866,0.07772263420818551,0.06764446239791352,0.19593632859067323,0.5527125434370543,0.03857181142939212,0.7073170731707317,0.7837837837837838,0.75,0.75,0.06841212363353485,0.06503906255555555,0.19322916708333332,0.5699403049936862,0.0036458337500000215,0.7073170731707317,0.7837837837837838,0.75,0.75
6,40,0,1.700934721393129,8.446728665782118,0.08268441464392057,0.0760514750163722,0.2059711764501681,0.5164702137891565,-0.006118947592645183,0.72,0.72,0.5,1.0,0.0794534350545635,0.07717013892592592,0.21597222255555557,0.5093578294348511,-0.00763888855555553,0.72,0.72,0.5,1.0
6,40,1,1.4542591589920875,8.514195349234631,0.06033050683743904,0.05806792179404012,0.16791033053292093,0.6121623034164297,-0.006143882569730293,0.7857142857142857,0.7857142857142857,0.6153846153846154,0.7272727272727273,0.05929176436988938,0.05963541666666667,0.17847222255555556,0.6016929499072358,-0.018749999666666642,0.7857142857142857,0.7857142857142857,0.6153846153846154,0.7272727272727273
6,40,2,0.8763636603524458,8.440000272055691,0.08867680363084612,0.07115346672820609,0.1918242532524781,0.5000276898733731,0.04661055814057869,0.7692307692307693,0.7692307692307693,0.44,1.0,0.07908963869467339,0.06993634262962962,0.20069444483333332,0.5085800257644764,0.006250000388888917,0.7692307692307693,0.7692307692307693,0.44,1.0
6,60,0,1.7156804604567468,7.903833248478981,0.07385414941300363,0.08180808502762797,0.20927644636529755,0.5154107674217019,0.042598453272105485,0.6875,0.7333333333333333,0.5833333333333334,0.6363636363636364,0.07045553188131314,0.08250868055555556,0.22604166675000004,0.511260798025504,0.007291666750000017,0.6875,0.7333333333333333,0.5833333333333334,0.6363636363636364
6,60,1,2.1474650931686354,8.35944685269226,0.07210346932409865,0.07008106479057036,0.18463772441138565,0.4954163335078935,-0.04750862725200439,0.6666666666666666,0.6666666666666666,0.7142857142857143,0.7142857142857143,0.06793662072150072,0.06692708338888889,0.18750000025000002,0.5181249996000001,-0.04166666641666665,0.6666666666666666,0.6666666666666666,0.7142857142857143,0.7142857142857143
6,60,2,2.195393140645716,7.73235981754181,0.07275699093995185,0.06581263901554034,0.17118177514152028,0.4732062246671591,0.02024728855013671,0.7222222222222222,0.7647058823529411,0.5714285714285714,0.8,0.06650645935457516,0.062369791666666674,0.19479166683333332,0.5007643135075042,-0.017708333166666652,0.7222222222222222,0.7647058823529411,0.5714285714285714,0.8
7,5,0,0.9999626590114783,7.000072701316298,0.08197078720225655,0.05935625628355348,0.1526325821584448,0.5802531850399069,0.09999675192058814,0.7333333333333333,0.7857142857142857,0.7368421052631579,0.8235294117647058,0.05917377565972329,0.05679824570760234,0.17631578993333333,0.5983425467873935,-0.011403508312280678,0.7333333333333333,0.7857142857142857,0.7368421052631579,0.8235294117647058
7,5,1,1.589805942484265,4.930921379056217,0.15412872733387495,0.10582357062816122,0.20792805791941252,0.2680926835599121,0.20277871404925132,0.7674418604651163,0.8048780487804879,0.6818181818181818,0.8333333333333334,0.05051555962567136,0.05076754392982456,0.16403508817894738,0.6488765534996596,-0.014035087259649096,0.7674418604651163,0.8048780487804879,0.6818181818181818,0.8333333333333334
7,5,2,5.199417861205956,6.400291073349741,0.14533730136243284,0.15438596463800985,0.23859649238771388,-0.08346293223797696,-0.14736841925788927,0.75,0.7857142857142857,0.8235294117647058,0.8235294117647058,0.0562508207333489,0.05559210535672515,0.17456140396842107,0.6098610024537758,-0.0184210521719298,0.75,0.7857142857142857,0.8235294117647058,0.8235294117647058
7,10,0,1.062502371409936,9.78124722314103,0.05452567716388339,0.06389218882015815,0.19398640100771058,0.5640860491352804,-0.07212262208053351,0.775,0.775,0.6666666666666666,0.8235294117647058,0.05349728914289959,0.055787037111111125,0.17407407452222223,0.6193846508750585,-0.025925925477777754,0.775,0.775,0.6666666666666666,0.8235294117647058
7,10,1,3.3750032884526124,7.499998191319285,0.07511658880168644,0.07169680931465418,0.1740741280399802,0.46671794724637394,-0.052862032794241724,0.75,0.7857142857142857,0.7857142857142857,0.7857142857142857,0.05988713326839828,0.05771604948148149,0.1750000004851852,0.5707070699724517,-0.024999999514814793,0.75,0.7857142857142857,0.7857142857142857,0.7857142857142857
7,10,2,1.2400898986141549,9.31993914119854,0.05501688336912518,0.06022336765365933,0.18648552568415155,0.5757770314086612,-0.0524572805040249,0.7619047619047619,0.7804878048780488,0.6842105263157895,0.8125,0.05609435646864322,0.05665509266666668,0.177314815262963,0.6009125272586722,-0.022685184737037012,0.7619047619047619,0.7804878048780488,0.6842105263157895,0.8125
7,20,0,2.277776351710111,7.277778562648479,0.0552945800514835,0.04634104698310586,0.13875000732299503,0.6308609727248102,0.020694457449872666,0.7380952380952381,0.8157894736842105,0.8181818181818182,0.8181818181818182,0.05250490108452951,0.051649305666666666,0.167708333875,0.5885769594246992,-0.02395833279166664,0.7380952380952381,0.8157894736842105,0.8181818181818182,0.8181818181818182
7,20,1,3.623800296193579,5.982999695812183,0.07262394031887487,0.05738498589493164,0.14402022120603603,0.6009928551969987,0.034966303072763494,0.7435897435897436,0.8529411764705882,0.8,0.8,0.056395527040149405,0.05256076397222222,0.16666666717083337,0.6345364552390149,-0.0010416661624999767,0.7435897435897436,0.8529411764705882,0.8,0.8
7,20,2,3.1666674696235595,6.16666680378557,0.06271799946933654,0.05023147998339979,0.13055557381068922,0.6452509505831502,0.02916662043838538,0.8055555555555556,0.8055555555555556,0.7857142857142857,0.7857142857142857,0.053834945519841276,0.05429687508333334,0.17291666708750003,0.6165399699852869,-0.023958332912499974,0.8055555555555556,0.8055555555555556,0.7857142857142857,0.7857142857142857
7,40,0,1.7681131861618644,7.333334182918289,0.05330671492184531,0.04601023140434628,0.1437934409061628,0.6493221600797883,0.03954003609840028,0.76,0.76,0.7777777777777778,0.7777777777777778,0.05148871534722223,0.050752314888888886,0.1666666671111111,0.6131792513761467,-0.016666666222222196,0.76,0.76,0.7777777777777778,0.7777777777777778
7,40,1,2.4985339573672185,6.2727267153812925,0.09520180891669972,0.0632655806411018,0.1477337490779209,0.5715290943202973,0.101994329023235,0.7037037037037037,0.7307692307692307,0.8333333333333334,0.8333333333333334,0.06971988528846156,0.058101852,0.1763888895055556,0.6065008351170569,0.01805555617222225,0.7037037037037037,0.7307692307692307,0.8333333333333334,0.8333333333333334
7,40,2,0.5893697086079336,8.574589042750148,0.06613071340332241,0.05975591713112353,0.18591984929857974,0.613091184043085,0.03393459361226583,0.7142857142857143,0.7692307692307693,0.7857142857142857,0.8461538461538461,0.06041666677777779,0.06067708344444445,0.1909722226166667,0.6071267978417265,-0.006249999605555534,0.7142857142857143,0.7692307692307693,0.7857142857142857,0.8461538461538461
7,60,0,0.9455559908515472,8.52181028773481,0.04416379723952542,0.04145032966335531,0.14910497734000377,0.6740116072352178,0.015745677006181864,0.7391304347826086,0.8095238095238095,1.0,1.0,0.041046627085137094,0.0445746528888889,0.15729166733333333,0.6494401957400328,-0.009374999333333314,0.7391304347826086,0.8095238095238095,1.0,1.0
7,60,1,2.6400014941252667,7.226665137777789,0.056958426314290815,0.06184925142912863,0.17260173434130316,0.5117164360858266,-0.04643892322982656,0.75,0.7894736842105263,0.7142857142857143,0.8333333333333334,0.05259160275097466,0.06393229172222223,0.1968750005,0.49527138114035096,-0.07812499949999999,0.75,0.7894736842105263,0.7142857142857143,0.8333333333333334
7,60,2,2.491490601536797,7.238951695528465,0.039347297808427995,0.04360311890379333,0.12520599789256087,0.6835257498918226,-0.03715309761776857,0.8,0.8,0.8571428571428571,0.8571428571428571,0.035168650844155845,0.047178819500000004,0.146875000675,0.6575730842741936,-0.06562499932499997,0.8,0.8,0.8571428571428571,0.8571428571428571
8,5,0,0.9999810017944759,10.0,0.061614956587167466,0.06744628348563157,0.19999992593307833,0.5308046954333314,-0.07134426388157501,0.7045454545454546,0.7209302325581395,0.7222222222222222,0.7647058823529411,0.06556025984914121,0.05979532166081871,0.18070175481052636,0.584029205044536,-0.014035087294736813,0.7045454545454546,0.7209302325581395,0.7222222222222222,0.7647058823529411
8,5,1,4.097394843842905,5.3430656585421925,0.12587539603694994,0.08882611725888952,0.1844351890259215,0.3651089955690515,0.1051027242021791,0.6590909090909091,0.725,0.6842105263157895,0.7647058823529411,0.0670257706661639,0.06001461990643275,0.18157894775789477,0.5710412265135517,-0.008771929435087688,0.6590909090909091,0.725,0.6842105263157895,0.7647058823529411
8,5,2,3.358638168603925,5.820680915634528,0.11164802971652979,0.07869760801945186,0.17346316216389446,0.4594779966700512,0.11118946759202648,0.6666666666666666,0.7317073170731707,0.7,0.7777777777777778,0.06638904770268744,0.060252193005847964,0.18201754424912286,0.5861673958312195,-0.003947368031578921,0.6666666666666666,0.7317073170731707,0.7,0.7777777777777778
8,10,0,2.325301432152398,9.626505023763977,0.06427882473678848,0.07677411068136207,0.20784742212468632,0.4496181857929692,-0.11991194606111567,0.7073170731707317,0.7073170731707317,0.7058823529411765,0.8,0.06359262405518601,0.05852623459259261,0.1759259263740741,0.580434408319402,-0.024074073625925903,0.7073170731707317,0.7073170731707317,0.7058823529411765,0.8
8,10,1,3.355388409349995,4.322305805829047,0.18048128387900741,0.12222222261392292,0.2111111127373797,0.15816326260818392,0.19629629796700934,0.6829268292682927,0.717948717948718,0.7647058823529411,0.7647058823529411,0.06111921213841147,0.05690586422222222,0.17685185226296296,0.6080463433673469,-0.008333332922222195,0.6829268292682927,0.717948717948718,0.7647058823529411,0.7647058823529411
8,10,2,1.5504595639844474,8.045872298067318,0.08250152068444348,0.06278771019395198,0.17005649699128317,0.564281382852061,0.03336462847910965,0.6829268292682927,0.717948717948718,0.7222222222222222,0.7647058823529411,0.07112973895487683,0.06199845679012345,0.18425925967037038,0.5697584483579248,-0.012037036625925899,0.6829268292682927,0.717948717948718,0.7222222222222222,0.7647058823529411
8,20,0,2.8761295539188176,8.386711848684586,0.06842396295540351,0.06613777432022531,0.17859794510399743,0.5279970510661656,-0.07044287738841208,0.7027027027027027,0.7428571428571429,0.6666666666666666,0.8571428571428571,0.059945436534391536,0.05470920141666667,0.1713541670875,0.6095589144343947,-0.024479166245833312,0.7027027027027027,0.7428571428571429,0.6666666666666666,0.8571428571428571
8,20,1,4.7272730084270504,6.3636362570091975,0.09972398258297797,0.10096452660417514,0.20486113044474355,0.19840706651957418,-0.05902779576951291,0.6842105263157895,0.7027027027027027,0.625,0.9090909090909091,0.05419236708299209,0.05310329861111111,0.17135416704166667,0.5783942108890419,-0.04218749962499997,0.6842105263157895,0.7027027027027027,0.625,0.9090909090909091
8,20,2,2.145036928070637,8.69465629881532,0.05744504362060193,0.05808775715130865,0.17185312715662984,0.5388208391570808,-0.05046612821393983,0.7105263157894737,0.7297297297297297,0.6153846153846154,0.7272727272727273,0.06070438338588589,0.0548611111388889,0.17083333387500002,0.564438318180565,-0.01874999945833331,0.7105263157894737,0.7297297297297297,0.6153846153846154,0.7272727272727273
8,40,0,1.3252048571284,7.898375071059008,0.08181299666798302,0.061126845681617845,0.17021229800500368,0.5983553437265428,0.05697781646213443,0.6666666666666666,0.72,0.7692307692307693,0.7692307692307693,0.06598649505876068,0.05818865740740741,0.17291666717222223,0.6176612249036708,-0.0006944439388888668,0.6666666666666666,0.72,0.7692307692307693,0.7692307692307693
8,40,1,1.2547020724020712,9.616241196470346,0.05971452689543741,0.07000371131027024,0.2084058154025521,0.4572576581831168,-0.10166631845933108,0.7073170731707317,0.90625,0.6363636363636364,0.875,0.06270896529685593,0.06056134259259259,0.18680555594444445,0.5304648241206031,-0.05208333294444443,0.7073170731707317,0.90625,0.6363636363636364,0.875
8,40,2,1.7263448221324873,7.373401686535412,0.1298673863197031,0.0721030181364294,0.18295588646536176,0.48074287894636314,0.10060377856863575,0.6129032258064516,0.7307692307692307,0.6470588235294118,1.0,0.08989099731287231,0.06099537037037037,0.18194444495000003,0.5607357190486775,0.013888889394444473,0.6129032258064516,0.7307692307692307,0.6470588235294118,1.0
8,60,0,1.2905593454536561,8.42896421068704,0.07242755307024412,0.053338392803604986,0.1500096296555387,0.6507172094716182,0.02047059163985713,0.7142857142857143,0.7894736842105263,0.75,0.75,0.06540018122563353,0.05381944444444444,0.1625000004166667,0.6475670759436107,-0.008333332916666646,0.7142857142857143,0.7894736842105263,0.75,0.75
8,60,1,1.9142859085466097,8.5733988469162,0.06297169554840601,0.054801688229897394,0.15306997882044365,0.5593834112169054,-0.06185826019182432,0.5925925925925926,0.8888888888888888,0.7142857142857143,0.8333333333333334,0.06056356841880342,0.0518663195,0.15520833375,0.5829843658291457,-0.051041666249999985,0.5925925925925926,0.8888888888888888,0.7142857142857143,0.8333333333333334
8,60,2,0.9735949948771271,8.731402977160958,0.04598200168751945,0.031080946371446892,0.11901299320826006,0.7478503505640366,0.008097843899324117,0.8636363636363636,0.95,0.6666666666666666,0.8,0.04383680561111111,0.03203125005555556,0.127083334,0.7401408446197184,-0.008333332666666646,0.8636363636363636,0.95,0.6666666666666666,0.8
9,5,0,3.2862224087394365,5.856888795624037,0.09188749231037578,0.07043642792996549,0.16374754643019046,0.5162185981218126,0.08653999946300577,0.6545454545454545,0.8780487804878049,0.5909090909090909,0.7222222222222222,0.06307826264171183,0.06425438598830409,0.19912280722807016,0.5586789699052936,-0.023684210315789458,0.6545454545454545,0.8780487804878049,0.5909090909090909,0.7222222222222222
9,5,1,2.7969357350880513,7.203064099475557,0.0671634365173937,0.059904965275356666,0.1708466710233838,0.5856794274105208,0.0026514429878897526,0.6545454545454545,0.8780487804878049,0.5909090909090909,0.7222222222222222,0.06383518880024637,0.0649122807251462,0.20175438614035088,0.5510473431624662,-0.02982456122807016,0.6545454545454545,0.8780487804878049,0.5909090909090909,0.7222222222222222
9,5,2,5.419999229728014,5.422409957066362,0.1295405982060185,0.13567251449590642,0.22456140474736846,0.030271032213129767,-0.07719298046666664,0.6481481481481481,0.875,0.5909090909090909,0.7647058823529411,0.06070241800779286,0.06089181288888889,0.19473684228070176,0.5647714271471315,-0.02982456122807016,0.6481481481481481,0.875,0.5909090909090909,0.7647058823529411
9,10,0,1.702129070331752,8.638297747259287,0.06191861701599145,0.06163220353089993,0.193149291256214,0.5619161820005258,-0.04545564547645051,0.6792452830188679,0.9,0.631578947368421,0.75,0.06374240453703704,0.06269290125925926,0.19907407433333332,0.5543767061427456,-0.03425925899999997,0.6792452830188679,0.9,0.631578947368421,0.75
9,10,1,0.4210524795623173,9.894736624105793,0.0572548282303457,0.06596398874966117,0.20820987158234522,0.5393893889032282,-0.0698147961017673,0.6981132075471698,0.8809523809523809,0.631578947368421,0.75,0.053924992108585854,0.05779320987654321,0.18703703725925927,0.5964439655172413,-0.03888888866666664,0.6981132075471698,0.8809523809523809,0.631578947368421,0.75
9,10,2,5.400000558242578,7.200000116211968,0.14743608199279346,0.17462280900657717,0.2876543616823468,-0.2548055965085734,-0.21604942956760706,0.66,0.868421052631579,0.5714285714285714,0.75,0.06244025890213982,0.06342592595061729,0.1972222224814815,0.5442336124396254,-0.03425925899999997,0.66,0.868421052631579,0.5714285714285714,0.75
9,20,0,2.8648652544475306,6.432432401057074,0.08691210394675056,0.06995523415668836,0.1816287864210116,0.5368481048936495,0.06515149180086269,0.6222222222222222,0.8484848484848485,0.631578947368421,0.7058823529411765,0.06899306442393119,0.07031250002777778,0.21250000020833335,0.5344827584367816,-0.018749999791666645,0.6222222222222222,0.8484848484848485,0.631578947368421,0.7058823529411765
9,20,1,4.7142861096247355,6.428571371470277,0.10117096089532343,0.10729170178179843,0.2125000243909049,0.2271133038229629,-0.10833337891274145,0.6818181818181818,0.8571428571428571,0.5555555555555556,0.7142857142857143,0.06314784752284752,0.06362847222222222,0.1958333335,0.5416458229114558,-0.04270833316666665,0.6818181818181818,0.8571428571428571,0.5555555555555556,0.7142857142857143
9,20,2,3.2499956891065676,5.500005305112127,0.11404101702045726,0.08456772945701677,0.17499986765326622,0.4167044405790724,0.127777516955707,0.6521739130434783,0.8823529411764706,0.5882352941176471,0.6666666666666666,0.06206562407159834,0.061740451388888895,0.19114583349999997,0.5741527960723265,-0.017187499833333314,0.6521739130434783,0.8823529411764706,0.5882352941176471,0.6666666666666666
9,40,0,2.252198762815305,7.275659595809852,0.05699267347577944,0.05290658417451942,0.16911851673357076,0.6308842964568412,0.0134073378803362,0.6666666666666666,0.88,0.5714285714285714,0.7272727272727273,0.05721380471380472,0.06145833333333333,0.19444444472222225,0.571220930232558,-0.041666666388888864,0.6666666666666666,0.88,0.5714285714285714,0.7272727272727273
9,40,1,2.7255945730949027,6.780852167990489,0.07814901718945234,0.05582874960807231,0.15448077132468505,0.5472211546178866,0.04763841028929397,0.7586206896551724,0.7857142857142857,0.45454545454545453,0.625,0.06863383377450981,0.05781250003703704,0.18194444477777777,0.5311326655319148,-0.027777777444444426,0.7586206896551724,0.7857142857142857,0.45454545454545453,0.625
9,40,2,3.379483188972394,6.641027462928636,0.08432826319869427,0.0699957070429658,0.17914038663828322,0.5090147416773994,-0.00031435962336471835,0.6764705882352942,0.8518518518518519,0.5384615384615384,0.6363636363636364,0.06691590386468856,0.06383101855555555,0.18750000033333333,0.5522569817709462,-0.019444444111111087,0.6764705882352942,0.8518518518518519,0.5384615384615384,0.6363636363636364
9,60,0,2.6848249145572667,6.3268482617821125,0.12393424084958772,0.09339672784444493,0.21116453033235505,0.37474993911668664,0.15480769170599742,0.6666666666666666,0.8,0.6,1.0,0.08203125,0.07296006944444446,0.21354166675000003,0.5115643886564387,0.026041666750000015,0.6666666666666666,0.8,0.6,1.0
9,60,1,2.2084949848387927,7.226562962019926,0.06588623114607838,0.05931531940064559,0.16686696785865257,0.6038308908305674,0.0436484564181834,0.6666666666666666,0.8888888888888888,0.5555555555555556,0.625,0.05802951388888889,0.061284722222222233,0.18541666691666667,0.5906771799628941,-0.018749999749999982,0.6666666666666666,0.8888888888888888,0.5555555555555556,0.625
9,60,2,2.2755246722091202,7.495104979311343,0.05427519641920707,0.05940715604146911,0.17143623052754392,0.628705274740818,-0.015581474887799393,0.8333333333333334,0.8333333333333334,0.6666666666666666,0.6666666666666666,0.05931712962962963,0.06931423611111112,0.20312500016666668,0.5667860243055556,-0.03645833316666665,0.8333333333333334,0.8333333333333334,0.6666666666666666,0.6666666666666666
10,5,0,0.0,8.999999740281964,0.07873656975121936,0.06666666716258027,0.19999999942955932,0.5470135485795063,0.036257326314349116,0.6862745098039216,0.813953488372093,0.6666666666666666,0.6666666666666666,0.06816679738987448,0.06273757312280702,0.1960526318982456,0.5737109438765268,-0.0013157891543859408,0.6862745098039216,0.813953488372093,0.6666666666666666,0.6666666666666666
10,5,1,0.0,8.130434828474348,0.09502260050422763,0.07450277952111438,0.20108828268288675,0.48828950899691237,0.09788910474134413,0.6530612244897959,0.7804878048780488,0.631578947368421,0.6666666666666666,0.06808678440661699,0.06392543861988303,0.1991228073017544,0.5609382925841369,2.8421055684340874e-10,0.6530612244897959,0.7804878048780488,0.631578947368421,0.6666666666666666
10,5,2,4.000000557039728,7.000000667983644,0.08970719685321507,0.07836257601022464,0.18596493893739885,0.4506300503685057,-0.0035088685720904883,0.6538461538461539,0.7906976744186046,0.631578947368421,0.7058823529411765,0.06645345951763129,0.06122076025730996,0.19385964944210526,0.5708047426290352,-0.007017543540350853,0.6538461538461539,0.7906976744186046,0.631578947368421,0.7058823529411765
10,10,0,3.580242344061231,8.246915443296553,0.07590468565741776,0.0774217667438784,0.20114631116974388,0.42966382420889915,-0.0918576372857055,0.6938775510204082,0.8095238095238095,0.5882352941176471,0.7142857142857143,0.06329618734487735,0.05771604940740741,0.18888888922592592,0.5748282132376719,-0.018518518181481453,0.6938775510204082,0.8095238095238095,0.5882352941176471,0.7142857142857143
10,10,1,2.252941501885092,8.341177129566132,0.06799318840161368,0.06060344496871802,0.18521740799368278,0.5617072283512359,-0.01708004847226696,0.6875,0.8048780487804879,0.625,0.6666666666666666,0.06803371401989139,0.060609567925925936,0.19259259292962966,0.56166294625,-0.008333332996296272,0.6875,0.8048780487804879,0.625,0.6666666666666666
10,10,2,2.333325065068712,6.333355604966483,0.11465425637530562,0.07847188758445499,0.1805556719023282,0.42730998048785973,0.12870261089298557,0.6530612244897959,0.7804878048780488,0.45454545454545453,1.0,0.07414385376637309,0.06518132718518518,0.19861111144814814,0.5243048601661828,-0.0050925922555555315,0.6530612244897959,0.7804878048780488,0.45454545454545453,1.0
10,20,0,4.68420873725619,6.26316011796184,0.10252839065994584,0.09819435624129706,0.20666662244693104,0.2710407372730106,-0.02499995505114285,0.627906976744186,0.7714285714285715,0.6923076923076923,0.6923076923076923,0.06597339295177046,0.060980902805555556,0.19479166704583334,0.5472999095759763,-0.015624999620833312,0.627906976744186,0.7714285714285715,0.6923076923076923,0.6923076923076923
10,20,1,2.2222253556391958,8.465463826004925,0.060069449824405166,0.06006586888206359,0.18902718041730363,0.575172636590513,-0.02993630908185157,0.6585365853658537,0.7714285714285715,0.5882352941176471,0.7142857142857143,0.06209556505303031,0.05998263891666668,0.19375000033333337,0.5757612964636543,-0.00624999966666664,0.6585365853658537,0.7714285714285715,0.5882352941176471,0.7142857142857143
10,20,2,1.989134104516192,9.260870863275969,0.058435753931761154,0.06596089737794125,0.20261589003070832,0.48124690210685195,-0.08710791488765335,0.6666666666666666,0.7894736842105263,0.6153846153846154,0.7272727272727273,0.06389713633313082,0.058615451416666665,0.19427083362500003,0.5390155650464228,-0.021354166374999983,0.6666666666666666,0.7894736842105263,0.6153846153846154,0.7272727272727273
10,40,0,1.774543538216137,7.381818301535199,0.062493553530930876,0.05037799236110948,0.15131866676556652,0.658454289077224,0.10291836552795847,0.6666666666666666,0.9166666666666666,0.6428571428571429,0.75,0.04859664355555556,0.04375000003703704,0.15694444489444448,0.7033898302573761,0.029166667116666694,0.6666666666666666,0.9166666666666666,0.6428571428571429,0.75
10,40,1,1.6424604928285884,8.394785214119358,0.07787040985068484,0.07263006998896125,0.2088496441202035,0.527087164862873,0.017325423781990416,0.6785714285714286,0.7307692307692307,0.6153846153846154,0.6666666666666666,0.07600494128561254,0.07407407411111112,0.21944444467222227,0.5176848872186496,0.002777778005555572,0.6785714285714286,0.7307692307692307,0.6153846153846154,0.6666666666666666
10,40,2,2.093564419993144,8.33918195248398,0.07573520405318254,0.06133165086911829,0.18779649743443816,0.5583139612893014,-0.01207857598777347,0.7058823529411765,0.8571428571428571,0.7,0.7,0.07243923614814815,0.06148726855555556,0.19791666705555558,0.5571932649033118,-0.011805555166666643,0.7058823529411765,0.8571428571428571,0.7,0.7
10,60,0,2.1835595740481373,7.6246573234431185,0.05906730642604252,0.058295139667079,0.17043052950703513,0.6237337466580288,0.04764614687971125,0.7,0.875,0.5454545454545454,0.6666666666666666,0.05500217013888889,0.057942708333333336,0.1864583335916667,0.6260085163603765,0.013541666925000015,0.7,0.875,0.5454545454545454,0.6666666666666666
10,60,1,1.8181053205543352,8.478057040327553,0.06126397022702928,0.052728357903857284,0.17436280757299927,0.5722319133433551,-0.011548302361595706,0.6956521739130435,0.8,0.8,0.8,0.06265190977777779,0.054166666722222236,0.1854166671666667,0.5605633798309859,-0.014583332833333306,0.6956521739130435,0.8,0.8,0.8
10,60,2,1.7488624494931135,8.756142191576007,0.04900885276814221,0.05961825310024412,0.1861544009680844,0.5672868726595186,-0.0548273043183663,0.7142857142857143,0.75,0.4666666666666667,1.0,0.053106117023809525,0.05941840283333334,0.18854166717500004,0.5687373987903226,-0.04062499949166665,0.7142857142857143,0.75,0.4666666666666667,1.0
