a,b,n_responses,mse_a,mse_b,p_response_se,macro_mse_a,macro_mse_b,p_rep_macro_mse
examples_0G4B,final_adjusted,1000,0.0659982638933333,0.0653591369061602,0.0001961321949051,0.0661557734842657,0.0765793274925576,0.001953125
examples_0G4B,final_adjusted_macro,1000,0.0659982638933333,0.069003305868649,4.74373693308386e-08,0.0661557734842657,0.0648428810226204,0.009765625
base,knowledge_simple,1000,0.08424826388888888,0.07812326388888889,3.175233132857214e-05,0.10769739158411033,0.09676201619560995,0.001953125
base,knowledge_detailed,1000,0.08424826388888888,0.07614409722222223,0.006360221563369437,0.10769739158411033,0.08877157998251747,0.001953125
knowledge_detailed,examples_0G4B,1000,0.07614409722222223,0.06599826389333333,7.185639207560842e-06,0.08877157998251747,0.06615577348426574,0.001953125
knowledge_detailed,examples_1G1B,1000,0.07614409722222223,0.06075347225777778,1.6328228647872343e-13,0.08877157998251747,0.06333891806060607,0.001953125
knowledge_detailed,examples_1G3B,1000,0.07614409722222223,0.061404513942222225,1.6283767689209529e-15,0.08877157998251747,0.07366991739348613,0.00390625
knowledge_detailed,examples_2G2B,1000,0.07614409722222223,0.06003993058,1.539061492977838e-16,0.08877157998251747,0.06816891878334627,0.001953125
knowledge_detailed,examples_3G1B,1000,0.07614409722222223,0.06017013891111111,6.621378743952074e-15,0.08877157998251747,0.0670054663432401,0.001953125
knowledge_detailed,examples_4G0B,1000,0.07614409722222223,0.06684722223777777,1.8332319052770193e-09,0.08877157998251747,0.07958180059285161,0.001953125
knowledge_detailed,examples_4G4B,1000,0.07614409722222223,0.06316493060666667,2.2501457378854838e-09,0.08877157998251747,0.06916847263558665,0.001953125
examples_0G4B,analysis_minimal,1000,0.06599826389333333,0.09053993055933333,1.173944615281696e-28,0.06615577348426574,0.07242557789721252,0.00390625
examples_0G4B,analysis_normal,999,0.06606259037259482,0.097468996773885,3.009702372322499e-30,0.06615577348426574,0.07424870095043706,0.005859375
examples_0G4B,analysis_full,1000,0.06599826389333333,0.12053472222599998,3.077483081376434e-45,0.06615577348426574,0.08619336393062355,0.001953125
examples_0G4B,examples_levels,1000,0.06599826389333333,0.0707378473,0.2226245002366123,0.06615577348426574,0.09050215202266253,0.001953125
examples_0G4B,ke_feedback_minimal,1000,0.06599826389333333,0.06587847222666668,0.5494934091930697,0.06615577348426574,0.06722559125330226,0.322265625
examples_0G4B,ke_feedback_normal,1000,0.06599826389333333,0.07609722222444444,2.3202995745543984e-13,0.06615577348426574,0.06689225488267289,0.556640625
examples_0G4B,ke_feedback_full,1000,0.06599826389333333,0.07789409722222222,3.648158411744282e-13,0.06615577348426574,0.0685355659965035,0.130859375
examples_0G4B,ke_feedback_full_soft,1000,0.06599826389333333,0.06883159722222223,0.009743442875352183,0.06615577348426574,0.07174767506798757,0.00390625
examples_0G4B,examples_1G1B,1000,0.06599826389333333,0.06075347225777778,0.0001053554885805345,0.06615577348426574,0.06333891806060607,0.16015625
examples_1G1B,g1_analysis_minimal,1000,0.06075347225777778,0.08053472223288888,2.170561154644731e-27,0.06333891806060607,0.06865795880493394,0.00390625
examples_1G1B,g1_analysis_normal,1000,0.06075347225777778,0.09062326389333333,5.658633580274194e-31,0.06333891806060607,0.07131637893783993,0.001953125
examples_1G1B,g1_analysis_full,1000,0.06075347225777778,0.10486805555999999,2.845710555845916e-37,0.06333891806060607,0.07735869816375292,0.001953125
examples_1G1B,g1_feedback_minimal,1000,0.06075347225777778,0.06439930556222223,5.442670659953406e-06,0.06333891806060607,0.06633211624087025,0.037109375
examples_1G1B,g1_feedback_normal,1000,0.06075347225777778,0.07373263889777777,8.738228359733428e-22,0.06333891806060607,0.06716208054953379,0.005859375
examples_1G1B,g1_feedback_full,999,0.06056403629407185,0.07448420643977312,1.2534144750066841e-19,0.06333891806060607,0.06801924970502535,0.009765625
examples_1G1B,g1_feedback_full_soft,1000,0.06075347225777778,0.06548263889333333,7.635767195675784e-06,0.06333891806060607,0.0722087916466589,0.001953125
examples_1G1B,g1_final_adjusted,1000,0.06075347225777778,0.06052796409720455,9.250432231461569e-05,0.06333891806060607,0.07094638679106799,0.001953125
examples_1G1B,g1_final_adjusted_macro,1000,0.06075347225777778,0.06539742068946065,5.678414384582851e-06,0.06333891806060607,0.06061859717690221,0.001953125
