a,b,macro_mse_recal_a,macro_mse_recal_b,p
base,knowledge_detailed,0.07293889171417269,0.068587693577523,0.064453125
knowledge_detailed,examples_0G4B,0.068587693577523,0.06503072145244565,0.10546875
examples_0G4B,analysis_minimal,0.06503072145244565,0.0695738627093015,0.013671875
examples_0G4B,analysis_full,0.06503072145244565,0.07034797764565698,0.037109375
examples_0G4B,ke_feedback_normal,0.06503072145244565,0.06713567902513567,0.130859375
examples_0G4B,ke_feedback_full,0.06503072145244565,0.06970116670404759,0.01953125
examples_0G4B,ke_feedback_full_soft,0.06503072145244565,0.06719771304246334,0.375
examples_0G4B,examples_levels,0.06503072145244565,0.06974581870013874,0.037109375
examples_0G4B,examples_4G4B,0.06503072145244565,0.06446986045903078,1.0
examples_0G4B,examples_1G1B,0.06503072145244565,0.060601035803585966,0.037109375
knowledge_detailed,examples_1G1B,0.068587693577523,0.060601035803585966,0.001953125
