experiment,macro_mse_fixed,macro_mse_fixed_std,bias_fixed,spearman,macro_mse_recal,macro_mse_recal_std,bias_recal,a_mean,b_mean
base,0.10769739158411033,0.004786178136190139,0.0620416666666667,0.676902637634962,0.07293889171417269,0.005992059937664893,-0.06817953397987722,3.85,8.8
knowledge_simple,0.09676201619560995,0.00497029119871681,0.049291666686666694,0.7037296770437117,0.06711412355249141,0.005555038521979497,-0.06541309400953364,3.925,8.525
knowledge_detailed,0.08877157998251747,0.005672423704859778,0.0210416666666667,0.6811557358118645,0.068587693577523,0.006273556302491516,-0.0677379327105643,3.45,8.5
examples_0G4B,0.06615577348426574,0.007326085316515953,-0.03345833324366665,0.6886083769771618,0.06503072145244565,0.00718421556730198,-0.0636280172413793,1.4,9.175
examples_1G1B,0.06333891806060607,0.006170920209527109,-0.01158333296866664,0.716673108247401,0.060601035803585966,0.006480508038421635,-0.05351369731800765,1.65,9.2
examples_1G3B,0.07366991739348613,0.008426706760377493,0.0325416671136667,0.7079312473431083,0.06433985411521594,0.007997237826846885,-0.05008653578000115,1.875,9.75
examples_2G2B,0.06816891878334627,0.005685658468401501,0.015041667143333362,0.7151238805192232,0.06138600242064122,0.004808202646075208,-0.05425865256659849,1.525,9.8
examples_3G1B,0.0670054663432401,0.007517848642153656,0.008666667123333364,0.7171224076863555,0.06091491372851891,0.0069003814097917905,-0.05824361938349006,1.775,9.55
examples_4G0B,0.07958180059285161,0.005771645876151781,0.033166666986666704,0.7143723731884829,0.06258256448496217,0.007452170604073953,-0.05935441225441224,3.075,8.875
examples_4G4B,0.06916847263558665,0.005782524793959766,0.003041667256666697,0.7032741692670317,0.06446986045903078,0.005308863937881676,-0.0526773671589848,1.275,9.825
analysis_minimal,0.07242557789721252,0.004090450306095521,-0.129708333219,0.6910259385224735,0.0695738627093015,0.0053651488320191855,-0.07251915397002351,1.475,7.75
analysis_normal,0.07424870095043706,0.006236686628907296,-0.15656481479543433,0.6807312821065641,0.06821671434799567,0.005926804958301901,-0.06828315554177622,0.925,7.7
analysis_full,0.08619336393062355,0.007070588923299234,-0.20383333331266665,0.6659870104625998,0.07034797764565698,0.00619587874200324,-0.06954073897117376,0.825,7.05
ke_feedback_minimal,0.06722559125330226,0.006103917969020258,-0.02733333325866664,0.6965749448124919,0.0648076070750379,0.00659756376728125,-0.0619016249140387,1.9,8.875
ke_feedback_normal,0.06689225488267289,0.005499443640823178,-0.08433333327,0.68896928144623,0.06713567902513567,0.006288634870793894,-0.06737053489089084,1.425,8.45
ke_feedback_full,0.0685355659965035,0.006560805005845753,-0.08695833326166665,0.6803144950830257,0.06970116670404759,0.0066326150893502,-0.06950448245128772,1.025,8.725
ke_feedback_full_soft,0.07174767506798757,0.00457330995194026,-0.023708333258999972,0.6893974844523829,0.06719771304246334,0.004491603748241383,-0.06572194672505015,2.175,8.775
examples_levels,0.09050215202266253,0.006052276944733503,0.06629166731333339,0.6720762510426848,0.06974581870013874,0.0055102295185676395,-0.04496881720430108,2.3,10.0
g1_analysis_minimal,0.06865795880493394,0.005861390613382614,-0.08783333308566664,0.6999877570004156,0.06650565196018862,0.0069963918858783275,-0.06555514015774885,2.0,7.825
g1_analysis_normal,0.07131637893783993,0.006113966737042504,-0.1277083332563333,0.6795791590852527,0.06805901126806994,0.006603834735304232,-0.06590355718355718,1.3,7.75
g1_analysis_full,0.07735869816375292,0.005174546199208726,-0.16808333324666663,0.6801975258158651,0.0687347011772333,0.006631188547486993,-0.06592676244045807,1.2,7.2
g1_feedback_minimal,0.06633211624087025,0.005308080862481961,-0.017833333163333312,0.7090442912610102,0.0626288198990158,0.005841989277138261,-0.06261183472976575,2.05,8.875
g1_feedback_normal,0.06716208054953379,0.005923777252928108,-0.06508333316733332,0.6951946616113587,0.06780087447403207,0.007021006373724379,-0.05988485515995791,1.625,8.425
g1_feedback_full,0.06801924970502535,0.0068887271619430205,-0.06790235667618515,0.6952445305380446,0.06917505260082628,0.007695525079961773,-0.0648456748509276,1.275,8.725
g1_feedback_full_soft,0.0722087916466589,0.004224978506678384,0.0006666668400000297,0.7154739186154531,0.06362593672399898,0.005337482109218858,-0.06260320300472474,2.475,8.85
