experiment,macro_mse,micro_mse,mae,r2,spearman,bias,mse_0,mse_1,mse_2,mse_3,bias_0,bias_1,bias_2,bias_3,mse_C1-BA,mse_C2-Smax,mse_C2-hard,mse_C3-S,PTB,RTB,PBB,RBB,accuracy,precision,recall,f1
base,0.004786178136190139,0.003931477564734903,0.006940846290058743,0.02767779887563684,0.026790491559061717,0.007767118191452997,0.02480710814049032,0.017944831101247918,0.0036191547310797175,0.005015657986941294,0.028708370289714433,0.02473821268132902,0.015807002137282304,0.012255485573933517,0.05232019531101526,0.009566334259045134,0.011592984891703146,0.011866203560544323,0.016574364925282664,0.04245804930061226,0.12860211885987385,0.10015420209622193,0.01799999999999999,0.08692196405453152,0.01799999999999999,0.01652358781344309
knowledge_simple,0.00497029119871681,0.004093832828890645,0.00823578319904468,0.028820788063216356,0.027703689265187497,0.00809031056233319,0.01966888235174589,0.013394240678464132,0.004280910757661751,0.006052057421632462,0.024345205754108486,0.026352313834736508,0.013087170758477118,0.016322252764129807,0.04365724986937764,0.007497766093553086,0.008912252723391618,0.009852488749371283,0.02138539504072136,0.03550113489048478,0.05874299898881595,0.0831479419283098,0.031240998703626625,0.07620841683391577,0.031240998703626625,0.034562405372907445
knowledge_detailed,0.005672423704859778,0.004709442278145101,0.007939112915741214,0.03315470940496398,0.035540213837419385,0.007730823048033116,0.022065692202524335,0.014542197688091613,0.003921628996484753,0.007136282208568451,0.031549490810001524,0.024999999999999998,0.014107116106847317,0.01667204630809228,0.05083398757218037,0.008248790696070284,0.009022004578152299,0.009428486460082739,0.05379411291204833,0.06265476705495554,0.04317079331198128,0.06186404847588912,0.03370459909270544,0.06113688449317888,0.03370459909270544,0.03637435348849833
examples_0G4B,0.007326085316515953,0.007096390000029813,0.010753633085702556,0.049958940863789374,0.028311564586439405,0.009689717506713843,0.027172912087794685,0.023210586545008086,0.009197329762674712,0.010875061597384212,0.047815916623857924,0.045892480774813935,0.02637228490236294,0.018767209766572136,0.026260885586155792,0.010229376536307112,0.017524308114296953,0.009291642856209023,0.05285748944652787,0.03803000120609435,0.08956219839725915,0.07637626158259733,0.02765863337187866,0.018776031054914506,0.02765863337187866,0.02890550446502553
examples_1G1B,0.006170920209527109,0.0053394333511081445,0.010127657356288722,0.037589878097601136,0.024897323743573105,0.010018732467790857,0.01798132611436149,0.0204585060008177,0.008788136539874819,0.009287155160138748,0.03478466607161828,0.04274642610142331,0.020961759009072635,0.020572576185103157,0.02418200291466984,0.010277917746444576,0.01432101915239244,0.0054780131783146654,0.032828667224192476,0.04522670168666454,0.0698217634320716,0.0787635937708768,0.03634556369077248,0.024376877154849656,0.03634556369077248,0.03752103003635607
examples_1G3B,0.008426706760377493,0.006255164978697011,0.009838010871008591,0.04403667459971298,0.03220019089256172,0.013498263756476859,0.030309437289592303,0.02693687043689188,0.008430614433012169,0.010693638531359911,0.042491829281574175,0.044633927770448265,0.019845930220117557,0.021108929573712017,0.026035291701284435,0.014954293737171354,0.01640410120168011,0.006534420317441657,0.05871457705524392,0.036717032775917084,0.11733382201686504,0.06309898162000305,0.03440930106817049,0.027164981853920293,0.03440930106817049,0.03422881897947533
examples_2G2B,0.005685658468401501,0.005004145943393117,0.01005272549241415,0.035229437961935305,0.022077849331033877,0.011264573918151544,0.024890651095539396,0.02488293025292571,0.008889559974269426,0.010361775354364626,0.04187448175467037,0.055277079871710995,0.02359690612268107,0.020216417067178128,0.02472639644653715,0.011561413262786716,0.014968472142639461,0.006752330920899974,0.02412235454366059,0.04568125282327677,0.06922036803754252,0.08958064164776165,0.03144837038703276,0.030598143463882694,0.03144837038703276,0.03189446126751397
examples_3G1B,0.007517848642153656,0.005832226445181153,0.010029470405177602,0.04105916615036795,0.02770798162745512,0.013932874791537701,0.02447254761772885,0.02417285357675843,0.007843667348904858,0.01097042527999091,0.040403300577191256,0.04715195957398448,0.02173587416212461,0.02106108304288728,0.023152418581112222,0.01061825029812758,0.013179646674354863,0.0077475446463359295,0.03267153245202792,0.05548434370788047,0.12481663111870492,0.12120791238484127,0.03436568055487916,0.026616293230007457,0.03436568055487916,0.03301605955252957
examples_4G0B,0.005771645876151781,0.005270400997912425,0.010162225761996125,0.037103886875165706,0.028390473972160966,0.010822430414344707,0.023924971740053234,0.01787941594852846,0.00725594530666476,0.008429069312125798,0.035789163129792016,0.031319367454943556,0.017736410356379382,0.018717689180838777,0.04241517864919729,0.009895796959266649,0.011111883688442768,0.0075922032221217035,0.022498163661185507,0.048158227500947934,0.05357679482738947,0.06085806194501844,0.03389690251335661,0.022658874385199472,0.03389690251335661,0.03832009060588769
examples_4G4B,0.005782524793959766,0.005681069412832933,0.009174333877287449,0.03999501307532573,0.024333242083503875,0.014688962725546692,0.022206618871005526,0.023701414068336403,0.008745453183851793,0.012729771356422812,0.0355729124301825,0.04912427551063165,0.026490341087497395,0.020684081491209285,0.02367788498243828,0.012207866972794865,0.015424135399530338,0.005856820809250132,0.024878404361837067,0.05061603966209111,0.08193524645048189,0.07954345035153529,0.028301943396169794,0.02029107620062603,0.028301943396169794,0.025640174904386213
analysis_minimal,0.004090450306095521,0.005219521834723034,0.009085722145039494,0.0367456950191703,0.03140608125433446,0.010889358352205607,0.01489316215365915,0.01150001624931756,0.006905132655396108,0.010682960906598952,0.033477696633163696,0.04244072663236733,0.023655605029977995,0.018629086743338776,0.036648955379663804,0.008579005777262316,0.016490146382253438,0.011086194444700635,0.032532652546415484,0.0712926688243551,0.03414387170853471,0.07049209744694176,0.026476404589747454,0.03115035350804738,0.026476404589747454,0.03249298919975229
analysis_normal,0.006236686628907296,0.008718369657903284,0.01347440909205704,0.061546063828734926,0.027668399398229165,0.011431694627268282,0.014127987519333765,0.006152793454018155,0.01021440281290758,0.0169722029251734,0.02636146235496589,0.033978138387261436,0.013318762069986967,0.02336464226901751,0.01774778005570099,0.012058284953046504,0.024916944730376697,0.012010635892458488,0.014231614054779849,0.052272727272727255,0.06288068328952975,0.09875771574795096,0.034714313516210356,0.03313983083465623,0.034714313516210356,0.03380899229140057
analysis_full,0.007070588923299234,0.01075429904411164,0.014705677279716384,0.0757108036584831,0.038112321810635744,0.015260242465193663,0.00980403326631632,0.003281433710171751,0.008758932830330315,0.02078382763017303,0.025000000009670783,0.028028383427067677,0.028458939615842775,0.02658338084348113,0.017898326062425446,0.013656449776111513,0.02913432725183857,0.014517986191009696,0.0457161745772257,0.07100226978096959,0.07589225029360691,0.08678055195451839,0.026907248094147414,0.03226092711586373,0.026907248094147414,0.030492191843182265
ke_feedback_minimal,0.006103917969020258,0.005889876625142338,0.008519177692167368,0.04146502630341134,0.02564704835086826,0.010677078276218641,0.025194705003323128,0.021621206035826797,0.007959684626884017,0.010700888516562772,0.0421785684389679,0.05034602488997738,0.02006023658052583,0.018092822012510307,0.0263627557575335,0.008850323596221923,0.014967948845112754,0.0063837909455451815,0.053488812167745974,0.03491429885394823,0.06156582900347605,0.09043789220055391,0.021931712199461318,0.01998228126801001,0.021931712199461318,0.02602161119102722
ke_feedback_normal,0.005499443640823178,0.006217066005821455,0.009426617151508344,0.04376845592333627,0.028282739843940443,0.009130991188255522,0.01671294392664608,0.01604517984016992,0.007617870690046068,0.01312888300060675,0.03394263724427888,0.04187448175467038,0.021414478325484904,0.01871768912426746,0.0173844592261652,0.00840916851809647,0.01778639235413731,0.008835685678831926,0.02150683456246378,0.042152811343162296,0.08043507418421333,0.06596856715021067,0.027000000000000003,0.015401817278804302,0.027000000000000003,0.031571011177648926
ke_feedback_full,0.006560805005845753,0.008036188292071374,0.012569321645893092,0.05657516788848746,0.02728279212497387,0.012971724068125386,0.01945858395875157,0.018487188893601236,0.006417263798133307,0.015807982342370557,0.040259814001286816,0.04035702214127192,0.02313694118368454,0.021652498924419884,0.015986936584963085,0.011156750706214484,0.022612996806832493,0.007080129856059405,0.0354331119097214,0.058210220340298616,0.0755388857925467,0.090267093384844,0.03232645975048925,0.022689244238712707,0.03232645975048925,0.035974654887778304
ke_feedback_full_soft,0.00457330995194026,0.0038367038228091462,0.0073457517721337,0.027010586987861657,0.01871447129108982,0.009715483788172878,0.020093939300319844,0.02224509863088932,0.007071314102564102,0.007986820683033635,0.03597731623763162,0.04583333333333332,0.015088802717764629,0.013986970082060173,0.025218977609368105,0.009687831514294691,0.010888742340264983,0.010506320129535158,0.040243816576737985,0.0731521679065049,0.07747742025985084,0.09312808119022341,0.024515301344262528,0.030412057877612357,0.024515301344262528,0.021096240242563617
examples_levels,0.006052276944733503,0.0052883052854510604,0.009882029768220698,0.037229933955772496,0.02776230445005035,0.012699040324370978,0.02643353884350136,0.02593166156446633,0.005576723076836721,0.009949521112302484,0.03753213643575461,0.04346384599504001,0.01652196173472174,0.02008826092772969,0.024552008784900967,0.015586419971017848,0.011828396012276563,0.00905399861793564,0.03306089975671143,0.06115283657760777,0.04322596953172308,0.05583264233956048,0.03224903099319421,0.0270068184009123,0.03224903099319421,0.03416187463946044
final_adjusted,0.010083659914849242,0.007819413735060177,0.012202512445421178,0.05504906415483543,0.028311564586439405,0.02316236780373438,0.03928909492250707,0.030810226849524915,0.01437520364646531,0.01289017404625244,0.05633363131455929,0.06607504403662343,0.04503520800730086,0.02809090028428909,0.032473511645334775,0.012528698280568375,0.019547047060128515,0.01282921922151123,0.05285748944652787,0.03803000120609435,0.08956219839725915,0.07637626158259733,0.044944410108488465,0.028398655767689365,0.044944410108488465,0.043327806734160125
final_adjusted_macro,0.006877008988211015,0.0089856614591702,0.015524271401183643,0.06325950651793791,0.028311564586439405,0.02409229494654272,0.026263094424484497,0.021436841302773554,0.009638371927845276,0.018686834896160038,0.04982756755191413,0.052966310672875466,0.040131665623193445,0.03300236860440994,0.026553495474823826,0.010429131099913279,0.01999997342585706,0.010673013748498708,0.05285748944652787,0.03803000120609435,0.08956219839725915,0.07637626158259733,0.04742362280551751,0.015352353895178278,0.04742362280551751,0.06604623108861973
stability,0.0019777032005703563,0.0015899413232752756,0.0021654644100310328,0.011193266512419819,0.005215445614991969,0.0020194368026754403,0.0062932531112471725,0.003957990664992357,0.001552193159279689,0.0017049153244542334,0.009722222222222217,0.011410886614690946,0.006081303192631496,0.002680108276152453,0.006136391493723011,0.003447947432751436,0.005269996790616907,0.0018072241221768195,0.04244965736766146,0.04122353897094786,0.021687065852408937,0.022222222222222233,0.012649110640673528,0.008422073375508047,0.012649110640673528,0.013667042034960879
